RANK_BALANCED,LGA_CODE,LGA_NAME,STATE,SCORE_BALANCED,OPPORTUNITY_TIER,STRATEGIC_SEGMENT,SCORE_MARKET_SIZE,SCORE_YOUTH_INTENSITY,SCORE_GROWTH_MOMENTUM,AGE_5_14_2024,AGE_5_14_SHARE_TOTAL_PCT,AGE_5_14_CHANGE_5Y,AGE_5_14_GROWTH_5Y_PCT,TOTAL_POP_2025,ROBUSTNESS_LABEL,SUGGESTED_RESPONSE
1,27260,Wyndham,Victoria,99.26940639269407,Tier 1 — Very High,Balanced High-Opportunity Market,98.08219178082192,100.0,99.72602739726028,56395.0,16.818263151616367,13313.0,30.901536604614456,347830.0,Robust Top-20,Priority acquisition investigation; test cricket capacity and targeted program expansion.
2,24650,Melton,Victoria,98.21917808219177,Tier 1 — Very High,Balanced High-Opportunity Market,96.16438356164385,98.9041095890411,99.58904109589042,35427.0,16.18454594461246,8438.0,31.264589277112897,231567.0,Robust Top-20,Priority acquisition investigation; test cricket capacity and targeted program expansion.
3,10750,Blacktown,New South Wales,97.21461187214612,Tier 1 — Very High,Balanced High-Opportunity Market,99.17808219178083,94.24657534246576,98.21917808219179,66024.0,15.02074839836925,9571.0,16.953926274954387,449385.0,Robust Top-20,Priority acquisition investigation; test cricket capacity and targeted program expansion.
4,33960,Ipswich,Queensland,96.57534246575342,Tier 1 — Very High,Balanced High-Opportunity Market,96.7123287671233,96.98630136986301,96.02739726027397,39679.0,15.31215510122176,4829.0,13.856527977044477,268272.0,Robust Top-20,Priority acquisition investigation; test cricket capacity and targeted program expansion.
5,11450,Camden,New South Wales,96.39269406392694,Tier 1 — Very High,Balanced High-Opportunity Market,91.23287671232877,98.63013698630137,99.31506849315068,22838.0,16.167579889280606,6449.0,39.34956373177131,146483.0,Robust Top-20,Priority acquisition investigation; test cricket capacity and targeted program expansion.
6,21610,Casey,Victoria,96.39269406392694,Tier 1 — Very High,Balanced High-Opportunity Market,98.9041095890411,92.87671232876711,97.3972602739726,60353.0,14.931174049004472,7925.0,15.115968566414892,414929.0,Robust Top-20,Priority acquisition investigation; test cricket capacity and targeted program expansion.
7,34590,Logan,Queensland,95.89041095890411,Tier 1 — Very High,Balanced High-Opportunity Market,98.63013698630137,92.6027397260274,96.43835616438356,58211.0,14.86620390943034,6746.0,13.107937433207034,403515.0,Robust Top-20,Priority acquisition investigation; test cricket capacity and targeted program expansion.
8,23270,Hume,Victoria,95.57077625570776,Tier 1 — Very High,Balanced High-Opportunity Market,96.98630136986301,92.05479452054794,97.67123287671232,40078.0,14.801874702230364,5973.0,17.513561061427943,278885.0,Robust Top-20,Priority acquisition investigation; test cricket capacity and targeted program expansion.
9,17420,The Hills,New South Wales,95.4794520547945,Tier 1 — Very High,Balanced High-Opportunity Market,94.79452054794521,93.97260273972603,97.67123287671232,32413.0,15.018325201669889,4994.0,18.213647470731974,222675.0,Robust Top-20,Priority acquisition investigation; test cricket capacity and targeted program expansion.
10,50210,Armadale,Western Australia,93.65296803652967,Tier 1 — Very High,Mixed / Moderate Opportunity,84.93150684931507,98.08219178082192,97.94520547945206,17292.0,15.773774230330673,3696.0,27.184466019417474,113003.0,Robust Top-20,Selective investigation; prioritise based on local context and strategic fit.
11,14900,Liverpool,New South Wales,93.0593607305936,Tier 1 — Very High,Balanced High-Opportunity Market,96.43835616438356,90.41095890410958,92.32876712328768,36975.0,14.479161363841058,3100.0,9.15129151291513,261231.0,Robust Top-20,Priority acquisition investigation; test cricket capacity and targeted program expansion.
12,11500,Campbelltown (NSW),New South Wales,92.87671232876711,Tier 1 — Very High,Balanced High-Opportunity Market,93.15068493150685,91.23287671232877,94.24657534246575,27490.0,14.580073722453527,2868.0,11.648119567866136,191285.0,Robust Top-20,Priority acquisition investigation; test cricket capacity and targeted program expansion.
13,27070,Whittlesea,Victoria,92.28310502283104,Tier 1 — Very High,Mixed / Moderate Opportunity,95.8904109589041,84.93150684931507,96.02739726027397,35187.0,13.938868157725857,4315.0,13.977066597564136,259759.0,Robust Top-20,Selective investigation; prioritise based on local context and strategic fit.
14,58050,Swan,Western Australia,91.91780821917808,Tier 1 — Very High,Balanced High-Opportunity Market,92.05479452054794,86.3013698630137,97.39726027397259,25315.0,14.0720193889803,3998.0,18.754984284843083,187090.0,Robust Top-20,Priority acquisition investigation; test cricket capacity and targeted program expansion.
15,58760,Wanneroo,Western Australia,91.87214611872146,Tier 1 — Very High,Balanced High-Opportunity Market,95.61643835616438,89.04109589041096,90.95890410958904,34092.0,14.287390619237602,2706.0,8.621678455362265,246147.0,Robust Top-20,Priority acquisition investigation; test cricket capacity and targeted program expansion.
16,45680,Playford,South Australia,91.55251141552512,Tier 1 — Very High,Mixed / Moderate Opportunity,84.10958904109589,95.34246575342465,95.2054794520548,16891.0,15.157987310760726,2368.0,16.305171107897817,115790.0,Robust Top-20,Selective investigation; prioritise based on local context and strategic fit.
17,21450,Cardinia,Victoria,91.5068493150685,Tier 1 — Very High,Balanced High-Opportunity Market,87.3972602739726,91.78082191780823,95.34246575342465,19236.0,14.786572476189743,2541.0,15.220125786163521,133472.0,Robust Top-20,Priority acquisition investigation; test cricket capacity and targeted program expansion.
18,57490,Rockingham,Western Australia,88.7214611872146,Tier 2 — High,Balanced High-Opportunity Market,90.13698630136986,87.94520547945206,88.08219178082192,22009.0,14.203386767856681,1499.0,7.308629936616285,159934.0,Robust Top-20,Priority acquisition investigation; test cricket capacity and targeted program expansion.
19,53780,Gosnells,Western Australia,87.67123287671234,Tier 2 — High,Mixed / Moderate Opportunity,88.21917808219179,82.46575342465754,92.32876712328768,19569.0,13.802856639040733,1890.0,10.690649923638215,144475.0,Near Top-20,Selective investigation; prioritise based on local context and strategic fit.
20,15050,Maitland,New South Wales,86.98630136986301,Tier 2 — High,Mixed / Moderate Opportunity,80.82191780821918,87.67123287671232,92.46575342465754,13946.0,14.197003013274697,1481.0,11.881267549137585,100439.0,Near Top-20,Selective investigation; prioritise based on local context and strategic fit.
21,57700,Serpentine-Jarrahdale,Western Australia,86.48401826484019,Tier 2 — High,Emerging Young Growth Market,65.20547945205479,99.17808219178083,95.06849315068493,6343.0,16.35088804681257,1351.0,27.063301282051285,40531.0,,Early intervention market; build delivery capacity before growth outpaces supply.
22,35010,Moreton Bay,Queensland,85.66210045662099,Tier 2 — High,Mixed / Moderate Opportunity,99.45205479452055,75.06849315068493,82.46575342465754,68488.0,13.13303700521962,1704.0,2.5515093435553426,532445.0,,Selective investigation; prioritise based on local context and strategic fit.
23,16350,Penrith,New South Wales,85.4337899543379,Tier 2 — High,Mixed / Moderate Opportunity,94.24657534246576,78.35616438356165,83.69863013698631,30853.0,13.476574443735858,1226.0,4.138117257906639,231701.0,,Selective investigation; prioritise based on local context and strategic fit.
24,24850,Mitchell,Victoria,84.42922374429223,Tier 2 — High,Emerging Young Growth Market,69.31506849315069,88.4931506849315,95.4794520547945,7980.0,14.229925640614132,1620.0,25.471698113207548,58459.0,,Early intervention market; build delivery capacity before growth outpaces supply.
25,54830,Kwinana,Western Australia,83.37899543378995,Tier 2 — High,Emerging Young Growth Market,68.76712328767123,86.57534246575342,94.79452054794521,7742.0,14.100462608822351,1410.0,22.267845862286798,57422.0,,Early intervention market; build delivery capacity before growth outpaces supply.
26,18400,Wollondilly,New South Wales,83.33333333333334,Tier 2 — High,Emerging Young Growth Market,71.5068493150685,90.68493150684932,87.8082191780822,8694.0,14.54843621881223,724.0,9.084065244667503,62080.0,,Early intervention market; build delivery capacity before growth outpaces supply.
27,36720,Sunshine Coast,Queensland,81.9634703196347,Tier 2 — High,Large Growth Market,97.53424657534246,57.26027397260274,91.0958904109589,45613.0,12.186279381669152,3479.0,8.256989604594864,381957.0,,Scale acquisition around large and growing junior markets; test club/program capacity.
28,54170,Joondalup,Western Australia,81.82648401826484,Tier 2 — High,Large Growth Market,90.95890410958904,72.6027397260274,81.91780821917808,22622.0,12.989652835995727,839.0,3.851627415874765,176595.0,,Scale acquisition around large and growing junior markets; test club/program capacity.
29,14650,Lake Macquarie,New South Wales,81.59817351598173,Tier 2 — High,Large Growth Market,93.42465753424658,64.38356164383562,86.98630136986301,27828.0,12.527009507346587,1535.0,5.838055756284943,224540.0,,Scale acquisition around large and growing junior markets; test club/program capacity.
30,33360,Gladstone,Queensland,81.55251141552512,Tier 2 — High,Emerging Young Growth Market,74.79452054794521,92.32876712328768,77.53424657534246,10076.0,14.828768635300005,320.0,3.2800328003280033,69046.0,,Early intervention market; build delivery capacity before growth outpaces supply.
31,72800,Palmerston,Northern Territory,81.55251141552512,Tier 2 — High,Emerging Young Growth Market,66.02739726027397,96.43835616438356,82.1917808219178,6506.0,15.268357935744293,351.0,5.70268074735987,43193.0,,Early intervention market; build delivery capacity before growth outpaces supply.
32,20570,Ballarat,Victoria,80.50228310502283,Tier 2 — High,Large Growth Market,81.91780821917808,70.68493150684931,88.9041095890411,15456.0,12.820278867608389,1236.0,8.691983122362869,122661.0,,Scale acquisition around large and growing junior markets; test club/program capacity.
33,11720,Cessnock,New South Wales,79.86301369863014,Tier 3 — Moderate-High,Emerging Young Growth Market,73.42465753424658,75.89041095890411,90.27397260273973,9172.0,13.210047240465492,886.0,10.692734733285059,71443.0,,Early intervention market; build delivery capacity before growth outpaces supply.
34,34770,Mackay,Queensland,79.49771689497717,Tier 3 — Moderate-High,Mixed / Moderate Opportunity,84.65753424657534,77.8082191780822,76.02739726027397,17240.0,13.45413964522901,332.0,1.9635675419919567,129253.0,,Selective investigation; prioritise based on local context and strategic fit.
35,54310,Karratha,Western Australia,79.3607305936073,Tier 3 — Moderate-High,Emerging Young Growth Market,52.602739726027394,99.45205479452055,86.02739726027397,4075.0,16.379934078302114,344.0,9.22004824443849,25429.0,,Early intervention market; build delivery capacity before growth outpaces supply.
36,16490,Queanbeyan-Palerang,New South Wales,78.9041095890411,Tier 3 — Moderate-High,Rapid Growth Market,71.78082191780823,73.6986301369863,91.23287671232876,8709.0,13.074809710399496,904.0,11.582319026265214,67633.0,,Monitor and expand entry pathways; assess whether current cricket supply is keeping pace.
37,89399,Unincorporated ACT,Australian Capital Territory,78.81278538812785,Tier 3 — Moderate-High,Large Growth Market,98.35616438356163,49.589041095890416,88.49315068493149,56692.0,11.849591371778526,3092.0,5.76865671641791,484630.0,,Scale acquisition around large and growing junior markets; test club/program capacity.
38,51820,Cockburn,Western Australia,78.58447488584476,Tier 3 — Moderate-High,Large Growth Market,83.83561643835617,58.35616438356165,93.56164383561645,16610.0,12.24113788783256,1819.0,12.29801906564803,139499.0,,Scale acquisition around large and growing junior markets; test club/program capacity.
39,24130,Macedon Ranges,Victoria,78.08219178082192,Tier 3 — Moderate-High,Emerging Young Growth Market,68.21917808219177,86.02739726027397,80.0,7534.0,14.059904824111225,322.0,4.464780920687743,54464.0,,Early intervention market; build delivery capacity before growth outpaces supply.
40,16900,Shellharbour,New South Wales,77.89954337899543,Tier 3 — Moderate-High,Large Growth Market,76.16438356164383,70.95890410958904,86.57534246575344,10512.0,12.87146897843735,769.0,7.89284614595094,83228.0,,Scale acquisition around large and growing junior markets; test club/program capacity.
41,22750,Greater Geelong,Victoria,77.35159817351598,Tier 3 — Moderate-High,Large Growth Market,95.34246575342465,46.02739726027397,90.68493150684932,33758.0,11.694079175269161,2624.0,8.428085051711955,295052.0,,Scale acquisition around large and growing junior markets; test club/program capacity.
42,36370,Rockhampton,Queensland,76.80365296803653,Tier 3 — Moderate-High,Mixed / Moderate Opportunity,77.26027397260275,82.73972602739727,70.41095890410959,11761.0,13.808852882470354,130.0,1.1177026910841716,85794.0,,Selective investigation; prioritise based on local context and strategic fit.
43,51330,Canning,Western Australia,76.80365296803652,Tier 3 — Moderate-High,Large Growth Market,79.72602739726027,60.273972602739725,90.41095890410958,13272.0,12.35754189944134,1204.0,9.976798143851507,109028.0,,Scale acquisition around large and growing junior markets; test club/program capacity.
44,26490,Surf Coast,Victoria,76.57534246575342,Tier 3 — Moderate-High,Emerging Young Growth Market,60.273972602739725,78.08219178082192,91.36986301369862,5362.0,13.460862579705779,694.0,14.867180805484148,40265.0,,Early intervention market; build delivery capacity before growth outpaces supply.
45,12390,Dubbo,New South Wales,76.07305936073058,Tier 3 — Moderate-High,Emerging Young Growth Market,69.04109589041096,82.1917808219178,76.98630136986301,7868.0,13.791652789707094,252.0,3.308823529411765,57384.0,,Early intervention market; build delivery capacity before growth outpaces supply.
46,33430,Gold Coast,Queensland,75.6164383561644,Tier 3 — Moderate-High,Large Growth Market,99.72602739726028,43.28767123287671,83.83561643835617,78949.0,11.62235052687675,2511.0,3.2850153065229337,691230.0,,Scale acquisition around large and growing junior markets; test club/program capacity.
47,22620,Greater Bendigo,Victoria,75.4337899543379,Tier 3 — Moderate-High,Large Growth Market,82.73972602739727,65.47945205479452,78.08219178082192,15725.0,12.550581437111411,388.0,2.529829823303123,126568.0,,Scale acquisition around large and growing junior markets; test club/program capacity.
48,31000,Brisbane,Queensland,75.06849315068493,Tier 3 — Moderate-High,Large Growth Market,100.0,38.35616438356164,86.84931506849315,154379.0,11.40307141849425,5730.0,3.8547181615752546,1375301.0,,Scale acquisition around large and growing junior markets; test club/program capacity.
49,10050,Albury,New South Wales,74.7945205479452,Tier 3 — Moderate-High,Rapid Growth Market,67.94520547945206,68.21917808219177,88.21917808219177,7461.0,12.695684726381703,661.0,9.720588235294118,59538.0,,Monitor and expand entry pathways; assess whether current cricket supply is keeping pace.
50,47140,Salisbury,South Australia,74.5662100456621,Tier 3 — Moderate-High,Mixed / Moderate Opportunity,87.67123287671232,69.58904109589041,66.43835616438356,19253.0,12.781056446955263,99.0,0.5168633183669207,151019.0,,Selective investigation; prioritise based on local context and strategic fit.
51,44550,Mount Barker,South Australia,74.337899543379,Tier 3 — Moderate-High,Rapid Growth Market,61.64383561643836,71.5068493150685,89.86301369863014,5633.0,12.886916336848847,615.0,12.255878836189718,45111.0,,Monitor and expand entry pathways; assess whether current cricket supply is keeping pace.
52,22490,Golden Plains,Victoria,74.20091324200914,Tier 3 — Moderate-High,Young High-Intensity Market,52.054794520547944,95.61643835616438,74.93150684931507,3976.0,15.165732158523095,128.0,3.3264033264033266,26620.0,,Targeted junior engagement; validate demand and accessibility before scaling.
53,55320,Melville,Western Australia,74.10958904109589,Tier 3 — Moderate-High,Large Growth Market,80.54794520547945,55.06849315068493,86.7123287671233,13768.0,12.09076858226781,888.0,6.894409937888199,115945.0,,Scale acquisition around large and growing junior markets; test club/program capacity.
54,14000,Hornsby,New South Wales,73.99543378995435,Tier 3 — Moderate-High,Large Established / Slower-Growth Market,89.31506849315069,80.0,52.67123287671233,21123.0,13.639533532214948,-31.0,-0.1465443887680817,155484.0,,"Focus on retention, conversion and utilisation rather than pure acquisition."
55,17750,Wagga Wagga,New South Wales,73.9269406392694,Tier 3 — Moderate-High,Young High-Intensity Market,73.6986301369863,76.98630136986301,71.0958904109589,9184.0,13.289728822388794,123.0,1.3574660633484164,69108.0,,Targeted junior engagement; validate demand and accessibility before scaling.
56,54200,Kalamunda,Western Australia,73.78995433789954,Tier 3 — Moderate-High,Rapid Growth Market,70.41095890410959,74.52054794520548,76.43835616438356,8402.0,13.11992504684572,250.0,3.0667320902845927,65007.0,,Monitor and expand entry pathways; assess whether current cricket supply is keeping pace.
57,57280,Port Hedland,Western Australia,73.72146118721462,Tier 3 — Moderate-High,Emerging Young Growth Market,40.54794520547945,94.79452054794521,85.82191780821918,2646.0,15.064905488499203,254.0,10.618729096989966,17743.0,,Early intervention market; build delivery capacity before growth outpaces supply.
58,53800,Greater Geraldton,Western Australia,73.4703196347032,Tier 3 — Moderate-High,Emerging Young Growth Market,62.465753424657535,80.82191780821918,77.12328767123287,5848.0,13.758381366898012,210.0,3.7247250798155376,42882.0,,Early intervention market; build delivery capacity before growth outpaces supply.
59,20830,Baw Baw,Victoria,72.73972602739725,Tier 3 — Moderate-High,Rapid Growth Market,68.4931506849315,62.73972602739726,86.98630136986301,7714.0,12.483614648908452,637.0,9.000989119683481,62784.0,,Monitor and expand entry pathways; assess whether current cricket supply is keeping pace.
60,25150,Moorabool,Victoria,72.23744292237443,Tier 3 — Moderate-High,Emerging Young Growth Market,59.178082191780824,77.26027397260275,80.27397260273972,5306.0,13.362210078319775,256.0,5.069306930693069,40472.0,,Early intervention market; build delivery capacity before growth outpaces supply.
61,50280,Augusta Margaret River,Western Australia,72.1917808219178,Tier 3 — Moderate-High,Emerging Young Growth Market,41.23287671232877,84.65753424657534,90.68493150684932,2710.0,13.905993431855501,390.0,16.810344827586206,20170.0,,Early intervention market; build delivery capacity before growth outpaces supply.
62,24210,Manningham,Victoria,71.91780821917807,Tier 3 — Moderate-High,Large Growth Market,82.1917808219178,48.76712328767123,84.79452054794521,15534.0,11.825247596355139,845.0,5.752603989379808,132912.0,,Scale acquisition around large and growing junior markets; test club/program capacity.
63,16260,Parramatta,New South Wales,71.68949771689498,Tier 3 — Moderate-High,Large Growth Market,94.52054794520548,33.97260273972603,86.57534246575342,31046.0,11.272811776068787,1660.0,5.648948478867489,279014.0,,Scale acquisition around large and growing junior markets; test club/program capacity.
64,54280,Kalgoorlie-Boulder,Western Australia,71.64383561643834,Tier 3 — Moderate-High,Young High-Intensity Market,55.342465753424655,90.13698630136986,69.45205479452054,4504.0,14.438211251803173,82.0,1.854364540931705,31268.0,,Targeted junior engagement; validate demand and accessibility before scaling.
65,11800,Coffs Harbour,New South Wales,71.50684931506848,Tier 3 — Moderate-High,Large Growth Market,75.89041095890411,63.287671232876704,75.34246575342465,10182.0,12.488807663530768,228.0,2.2905364677516573,82109.0,,Scale acquisition around large and growing junior markets; test club/program capacity.
66,60410,Brighton,Tasmania,71.36986301369863,Tier 3 — Moderate-High,Emerging Young Growth Market,43.28767123287671,91.5068493150685,79.31506849315069,2988.0,14.701830348356623,164.0,5.807365439093484,20527.0,,Early intervention market; build delivery capacity before growth outpaces supply.
67,32270,Central Highlands (Qld),Queensland,71.36986301369862,Tier 3 — Moderate-High,Young High-Intensity Market,55.89041095890411,97.80821917808218,60.41095890410959,4551.0,15.53189310945019,18.0,0.3970880211780278,29481.0,,Targeted junior engagement; validate demand and accessibility before scaling.
68,27170,Wodonga,Victoria,71.0958904109589,Tier 3 — Moderate-High,Young High-Intensity Market,63.561643835616444,78.9041095890411,70.82191780821918,5983.0,13.535280410831843,103.0,1.751700680272109,44717.0,,Targeted junior engagement; validate demand and accessibility before scaling.
69,51260,Busselton,Western Australia,70.63926940639269,Tier 3 — Moderate-High,Rapid Growth Market,62.73972602739726,72.32876712328768,76.84931506849315,5863.0,12.974396423908473,205.0,3.6231884057971016,46184.0,,Monitor and expand entry pathways; assess whether current cricket supply is keeping pace.
70,53990,Harvey,Western Australia,70.25114155251141,Tier 3 — Moderate-High,Young High-Intensity Market,54.794520547945204,85.2054794520548,70.75342465753425,4426.0,14.000569386012085,89.0,2.052109753285681,32208.0,,Targeted junior engagement; validate demand and accessibility before scaling.
71,15270,Mid-Western,New South Wales,70.22831050228311,Tier 3 — Moderate-High,Emerging Young Growth Market,49.589041095890416,83.01369863013699,78.08219178082192,3638.0,13.832173681609063,165.0,4.750935790382954,26472.0,,Early intervention market; build delivery capacity before growth outpaces supply.
72,13550,Gunnedah,New South Wales,70.09132420091325,Tier 3 — Moderate-High,Emerging Young Growth Market,33.15068493150685,96.16438356164385,80.95890410958904,2041.0,15.215446548382285,142.0,7.477619799894682,13502.0,,Early intervention market; build delivery capacity before growth outpaces supply.
73,37010,Townsville,Queensland,70.09132420091323,Tier 3 — Moderate-High,Large Established / Slower-Growth Market,92.6027397260274,70.13698630136986,47.534246575342465,26143.0,12.816955268370167,-60.0,-0.22898141434186925,206260.0,,"Focus on retention, conversion and utilisation rather than pure acquisition."
74,14500,Ku-ring-gai,New South Wales,70.04566210045662,Tier 3 — Moderate-High,Large Established / Slower-Growth Market,86.3013698630137,90.95890410958904,32.87671232876712,18719.0,14.575368491540072,-179.0,-0.9471901788549052,128542.0,,"Focus on retention, conversion and utilisation rather than pure acquisition."
75,34530,Livingstone,Queensland,69.68036529680366,Tier 3 — Moderate-High,Rapid Growth Market,61.09589041095891,69.31506849315069,78.63013698630138,5464.0,12.774115116659654,231.0,4.414293904070323,43668.0,,Monitor and expand entry pathways; assess whether current cricket supply is keeping pace.
76,17310,Tamworth,New South Wales,69.5662100456621,Tier 3 — Moderate-High,Young High-Intensity Market,72.87671232876713,80.27397260273973,55.54794520547945,9017.0,13.650745590795548,-7.0,-0.07757092198581561,66403.0,,Targeted junior engagement; validate demand and accessibility before scaling.
77,55110,Mandurah,Western Australia,69.3607305936073,Tier 3 — Moderate-High,Large Growth Market,78.08219178082192,40.821917808219176,89.17808219178082,11923.0,11.536972887194473,995.0,9.105051244509516,106827.0,,Scale acquisition around large and growing junior markets; test club/program capacity.
78,45340,Onkaparinga,South Australia,69.29223744292237,Tier 3 — Moderate-High,Mixed / Moderate Opportunity,89.86301369863014,51.78082191780822,66.23287671232876,21922.0,11.96361036678873,100.0,0.4582531390340024,184827.0,,Selective investigation; prioritise based on local context and strategic fit.
79,36250,Redland,Queensland,69.08675799086757,Tier 3 — Moderate-High,Mixed / Moderate Opportunity,89.04109589041096,57.80821917808219,60.41095890410959,20777.0,12.22607979286807,26.0,0.1252951664980001,172831.0,,Selective investigation; prioritise based on local context and strategic fit.
80,33980,Isaac,Queensland,68.94977168949771,Tier 3 — Moderate-High,Young High-Intensity Market,44.93150684931507,87.12328767123287,74.79452054794521,3270.0,14.119780646832764,112.0,3.546548448385054,23186.0,,Targeted junior engagement; validate demand and accessibility before scaling.
81,57910,Stirling,Western Australia,68.9041095890411,Tier 3 — Moderate-High,Large Growth Market,92.87671232876711,23.28767123287671,90.54794520547945,26991.0,10.759001710055847,2189.0,8.825901137005081,254821.0,,Scale acquisition around large and growing junior markets; test club/program capacity.
82,36910,Toowoomba,Queensland,66.84931506849315,Tier 3 — Moderate-High,Large Established / Slower-Growth Market,91.5068493150685,73.15068493150685,35.89041095890411,24006.0,13.041423332880619,-158.0,-0.6538652540970038,186276.0,,"Focus on retention, conversion and utilisation rather than pure acquisition."
83,50250,Ashburton,Western Australia,66.84931506849315,Tier 3 — Moderate-High,Emerging Young Growth Market,19.17808219178082,93.69863013698631,87.67123287671234,1233.0,14.974495992227348,187.0,17.877629063097515,8335.0,,Early intervention market; build delivery capacity before growth outpaces supply.
84,51310,Cambridge,Western Australia,66.80365296803653,Tier 3 — Moderate-High,Young High-Intensity Market,55.06849315068493,83.28767123287672,62.054794520547944,4454.0,13.858551915118703,25.0,0.5644615037254459,32684.0,,Targeted junior engagement; validate demand and accessibility before scaling.
85,24410,Maroondah,Victoria,66.73515981735159,Tier 3 — Moderate-High,Mixed / Moderate Opportunity,81.0958904109589,56.71232876712329,62.397260273972606,14493.0,12.17162725073905,34.0,0.23514765889757244,120247.0,,Selective investigation; prioritise based on local context and strategic fit.
86,59340,Wyndham-East Kimberley,Western Australia,66.71232876712328,Tier 3 — Moderate-High,Emerging Young Growth Market,20.0,97.53424657534246,82.60273972602741,1298.0,15.489260143198091,115.0,9.721048182586644,8441.0,,Early intervention market; build delivery capacity before growth outpaces supply.
87,16150,Orange,New South Wales,66.66666666666667,Tier 3 — Moderate-High,Young High-Intensity Market,64.93150684931507,85.75342465753425,49.31506849315069,6280.0,14.040422106957609,-42.0,-0.6643467257197089,44990.0,,Targeted junior engagement; validate demand and accessibility before scaling.
88,34580,Lockyer Valley,Queensland,66.1187214611872,Tier 3 — Moderate-High,Mixed / Moderate Opportunity,62.19178082191781,68.76712328767123,67.3972602739726,5726.0,12.729253273458863,72.0,1.2734347364697558,46058.0,,Selective investigation; prioritise based on local context and strategic fit.
89,23810,Latrobe (Vic.),Victoria,65.8904109589041,Tier 3 — Moderate-High,Mixed / Moderate Opportunity,73.97260273972603,54.24657534246575,69.45205479452054,9437.0,12.02563906516808,109.0,1.16852487135506,79112.0,,Selective investigation; prioritise based on local context and strategic fit.
90,17550,Tweed,New South Wales,65.82191780821918,Tier 3 — Moderate-High,Large Growth Market,76.98630136986301,44.657534246575345,75.82191780821918,11724.0,11.685670999122877,254.0,2.214472537053182,101044.0,,Scale acquisition around large and growing junior markets; test club/program capacity.
91,17000,Singleton,New South Wales,65.59360730593608,Tier 3 — Moderate-High,Young High-Intensity Market,48.49315068493151,84.38356164383562,63.90410958904109,3567.0,13.891268790404238,29.0,0.819672131147541,25841.0,,Targeted junior engagement; validate demand and accessibility before scaling.
92,50980,Broome,Western Australia,65.47945205479452,Tier 3 — Moderate-High,Young High-Intensity Market,42.19178082191781,93.15068493150685,61.09589041095891,2841.0,14.951844639755802,16.0,0.5663716814159292,19193.0,,Targeted junior engagement; validate demand and accessibility before scaling.
93,47700,Tea Tree Gully,South Australia,64.77168949771689,Tier 4 — Moderate,Mixed / Moderate Opportunity,78.35616438356165,47.94520547945205,68.01369863013699,12352.0,11.80992446696625,100.0,0.8161932745674175,105120.0,,Selective investigation; prioritise based on local context and strategic fit.
94,30370,Banana,Queensland,64.17808219178082,Tier 4 — Moderate,Young High-Intensity Market,34.794520547945204,89.86301369863014,67.87671232876713,2171.0,14.434840425531913,40.0,1.8770530267480057,15144.0,,Targeted junior engagement; validate demand and accessibility before scaling.
95,12380,Cumberland,New South Wales,63.97260273972603,Tier 4 — Moderate,Large Established / Slower-Growth Market,93.97260273972603,55.61643835616439,42.328767123287676,30643.0,12.119570161248857,-91.0,-0.29608902193011,256906.0,,"Focus on retention, conversion and utilisation rather than pure acquisition."
96,20660,Banyule,Victoria,63.949771689497716,Tier 4 — Moderate,Large Established / Slower-Growth Market,82.46575342465754,51.23287671232877,58.150684931506845,15704.0,11.945839038490796,12.0,0.07647208768799389,132770.0,,"Focus on retention, conversion and utilisation rather than pure acquisition."
97,14750,Leeton,New South Wales,63.51598173515981,Tier 4 — Moderate,Young High-Intensity Market,28.493150684931507,95.8904109589041,66.16438356164383,1748.0,15.197356981394542,30.0,1.7462165308498252,11475.0,,Targeted junior engagement; validate demand and accessibility before scaling.
98,22830,Greater Shepparton,Victoria,63.150684931506845,Tier 4 — Moderate,Mixed / Moderate Opportunity,73.15068493150685,72.87671232876713,43.42465753424658,9025.0,12.996083174932318,-71.0,-0.7805628847845206,69865.0,,Selective investigation; prioritise based on local context and strategic fit.
99,45890,Port Adelaide Enfield,South Australia,62.96803652968036,Tier 4 — Moderate,Large Growth Market,81.64383561643835,21.36986301369863,85.89041095890411,15076.0,10.664063605240075,883.0,6.2213767350102165,143022.0,,Scale acquisition around large and growing junior markets; test club/program capacity.
100,52660,Dardanup,Western Australia,62.96803652968036,Tier 4 — Moderate,Young High-Intensity Market,35.06849315068493,79.45205479452055,74.38356164383562,2176.0,13.59575132771009,87.0,4.164672091910005,16280.0,,Targeted junior engagement; validate demand and accessibility before scaling.
101,72330,MacDonnell,Northern Territory,62.694063926940636,Tier 4 — Moderate,Emerging Young Growth Market,13.150684931506849,96.7123287671233,78.21917808219177,1045.0,15.275544511036399,80.0,8.290155440414509,6978.0,,Early intervention market; build delivery capacity before growth outpaces supply.
102,40700,Burnside,South Australia,62.671232876712324,Tier 4 — Moderate,Mixed / Moderate Opportunity,63.287671232876704,61.64383561643836,63.082191780821915,5957.0,12.429060257052244,33.0,0.5570560432140446,48257.0,,Selective investigation; prioritise based on local context and strategic fit.
103,37340,Whitsunday,Queensland,62.42009132420091,Tier 4 — Moderate,Rapid Growth Market,56.43835616438356,46.3013698630137,84.52054794520548,4756.0,11.703043874111076,350.0,7.9437131184748075,41374.0,,Monitor and expand entry pathways; assess whether current cricket supply is keeping pace.
104,44060,Marion,South Australia,62.00913242009132,Tier 4 — Moderate,Large Growth Market,76.43835616438356,24.383561643835616,85.20547945205479,10806.0,10.805027547520723,687.0,6.7892084198043285,101229.0,,Scale acquisition around large and growing junior markets; test club/program capacity.
105,42030,Gawler,South Australia,61.68949771689497,Tier 4 — Moderate,Rapid Growth Market,45.20547945205479,54.52054794520548,85.34246575342465,3284.0,12.069979417818288,281.0,9.357309357309356,27564.0,,Monitor and expand entry pathways; assess whether current cricket supply is keeping pace.
106,56230,Murray,Western Australia,61.36986301369862,Tier 4 — Moderate,Rapid Growth Market,39.45205479452055,61.09589041095891,83.56164383561644,2561.0,12.412155285222703,212.0,9.025117071094083,21447.0,,Monitor and expand entry pathways; assess whether current cricket supply is keeping pace.
107,11570,Canterbury-Bankstown,New South Wales,61.23287671232876,Tier 4 — Moderate,Large Established / Slower-Growth Market,97.80821917808218,65.75342465753424,20.136986301369863,48402.0,12.550595739715547,-1165.0,-2.350354066213408,389687.0,,"Focus on retention, conversion and utilisation rather than pure acquisition."
108,17150,Sutherland,New South Wales,60.68493150684932,Tier 4 — Moderate,Large Established / Slower-Growth Market,93.69863013698631,57.534246575342465,30.82191780821918,29124.0,12.195367066981559,-269.0,-0.9151838873201102,241327.0,,"Focus on retention, conversion and utilisation rather than pure acquisition."
109,70420,Barkly,Northern Territory,60.68493150684932,Tier 4 — Moderate,Young High-Intensity Market,18.904109589041095,99.72602739726028,63.42465753424658,1216.0,16.481431282190297,16.0,1.3333333333333335,7448.0,,Targeted junior engagement; validate demand and accessibility before scaling.
110,24970,Monash,Victoria,60.68493150684931,Tier 4 — Moderate,Mixed / Moderate Opportunity,90.41095890410958,20.54794520547945,71.0958904109589,22089.0,10.589267394701771,197.0,0.89987209939704,211833.0,,Selective investigation; prioritise based on local context and strategic fit.
111,11650,Central Coast (NSW),New South Wales,59.81735159817351,Tier 4 — Moderate,Large Established / Slower-Growth Market,97.26027397260275,54.794520547945204,27.397260273972602,42896.0,12.071342942530547,-515.0,-1.1863352606482227,357816.0,,"Focus on retention, conversion and utilisation rather than pure acquisition."
112,32080,Cairns,Queensland,59.63470319634703,Tier 4 — Moderate,Large Established / Slower-Growth Market,90.68493150684932,69.04109589041096,19.178082191780824,22612.0,12.733917881659936,-684.0,-2.9361263736263736,179334.0,,"Focus on retention, conversion and utilisation rather than pure acquisition."
113,27450,Yarra Ranges,Victoria,59.497716894977174,Tier 4 — Moderate,Large Established / Slower-Growth Market,88.76712328767124,63.83561643835617,25.89041095890411,19987.0,12.509153267951358,-361.0,-1.7741301356398662,160906.0,,"Focus on retention, conversion and utilisation rather than pure acquisition."
114,40150,Adelaide Plains,South Australia,59.497716894977174,Tier 4 — Moderate,Rapid Growth Market,24.10958904109589,67.94520547945206,86.43835616438356,1428.0,12.629344653754313,180.0,14.423076923076922,11736.0,,Monitor and expand entry pathways; assess whether current cricket supply is keeping pace.
115,56580,Nedlands,Western Australia,59.04109589041096,Tier 4 — Moderate,Mixed / Moderate Opportunity,45.75342465753425,73.42465753424658,57.945205479452056,3306.0,13.072360616844602,7.0,0.2121855107608366,25711.0,,Selective investigation; prioritise based on local context and strategic fit.
116,44340,Mitcham,South Australia,58.99543378995433,Tier 4 — Moderate,Mixed / Moderate Opportunity,70.95890410958904,53.97260273972603,52.054794520547944,8487.0,12.023801090883332,-28.0,-0.3288314738696418,71267.0,,Selective investigation; prioritise based on local context and strategic fit.
117,40910,Campbelltown (SA),South Australia,58.58447488584474,Tier 4 — Moderate,Rapid Growth Market,65.47945205479452,27.123287671232877,83.15068493150685,6407.0,11.028108163932734,363.0,6.0059563203176705,58826.0,,Monitor and expand entry pathways; assess whether current cricket supply is keeping pace.
118,23110,Hobsons Bay,Victoria,58.196347031963455,Tier 4 — Moderate,Large Established / Slower-Growth Market,76.71232876712328,53.6986301369863,44.17808219178082,11459.0,12.021106961520708,-70.0,-0.607164541590771,97031.0,,"Focus on retention, conversion and utilisation rather than pure acquisition."
119,56730,Northam,Western Australia,58.10502283105022,Tier 4 — Moderate,Rapid Growth Market,26.84931506849315,70.41095890410959,77.05479452054794,1596.0,12.817218117571475,89.0,5.90577305905773,12758.0,,Monitor and expand entry pathways; assess whether current cricket supply is keeping pace.
120,22670,Greater Dandenong,Victoria,57.671232876712324,Tier 4 — Moderate,Large Established / Slower-Growth Market,86.02739726027397,30.41095890410959,56.57534246575342,18578.0,11.141429830821544,0.0,0.0,168684.0,,"Focus on retention, conversion and utilisation rather than pure acquisition."
121,16380,Port Macquarie-Hastings,New South Wales,57.465753424657535,Tier 4 — Moderate,Mixed / Moderate Opportunity,75.34246575342466,30.684931506849317,66.36986301369863,10148.0,11.143810946147765,79.0,0.7845863541563214,92432.0,,Selective investigation; prioritise based on local context and strategic fit.
122,35300,Mount Isa,Queensland,57.30593607305936,Tier 4 — Moderate,Young High-Intensity Market,41.917808219178085,95.06849315068493,34.93150684931507,2836.0,15.145527369826436,-77.0,-2.6433230346721595,18585.0,,Targeted junior engagement; validate demand and accessibility before scaling.
123,12700,Dungog,New South Wales,57.1917808219178,Tier 4 — Moderate,Rapid Growth Market,20.273972602739725,73.97260273972603,77.32876712328766,1299.0,13.106649177681366,83.0,6.825657894736842,10102.0,,Monitor and expand entry pathways; assess whether current cricket supply is keeping pace.
124,41060,Charles Sturt,South Australia,57.07762557077625,Tier 4 — Moderate,Large Growth Market,78.9041095890411,12.32876712328767,80.0,12665.0,9.784380528580588,433.0,3.539895356442119,130841.0,,Scale acquisition around large and growing junior markets; test club/program capacity.
125,33620,Gympie,Queensland,56.986301369863014,Tier 4 — Moderate,Mixed / Moderate Opportunity,66.57534246575342,43.83561643835616,60.54794520547945,6669.0,11.635291449308232,22.0,0.33097638032194976,58487.0,,Selective investigation; prioritise based on local context and strategic fit.
126,18200,Wentworth,New South Wales,56.80365296803653,Tier 4 — Moderate,Rapid Growth Market,12.876712328767123,74.79452054794521,82.73972602739727,1037.0,13.123259934193875,102.0,10.909090909090908,7982.0,,Monitor and expand entry pathways; assess whether current cricket supply is keeping pace.
127,37310,Western Downs,Queensland,56.757990867579906,Tier 4 — Moderate,Young High-Intensity Market,57.534246575342465,86.84931506849315,25.89041095890411,4970.0,14.104492436927094,-159.0,-3.1000194969779686,35452.0,,Targeted junior engagement; validate demand and accessibility before scaling.
128,61410,Clarence,Tasmania,56.71232876712328,Tier 4 — Moderate,Mixed / Moderate Opportunity,67.12328767123287,38.082191780821915,64.93150684931507,7274.0,11.392325763508222,53.0,0.7339703642154827,64119.0,,Selective investigation; prioritise based on local context and strategic fit.
129,10850,Blayney,New South Wales,56.5296803652968,Tier 4 — Moderate,Young High-Intensity Market,15.890410958904111,88.76712328767124,64.93150684931507,1108.0,14.263645726055612,20.0,1.8382352941176472,7831.0,,Targeted junior engagement; validate demand and accessibility before scaling.
130,40120,Adelaide Hills,South Australia,56.41552511415525,Tier 4 — Moderate,Mixed / Moderate Opportunity,59.726027397260275,66.84931506849315,42.671232876712324,5348.0,12.598944591029024,-66.0,-1.2190616919098634,42875.0,,Selective investigation; prioritise based on local context and strategic fit.
131,16700,Ryde,New South Wales,56.347031963470315,Tier 4 — Moderate,Large Growth Market,80.27397260273973,12.602739726027398,76.16438356164383,13763.0,9.885366239064544,298.0,2.213145191236539,141693.0,,Scale acquisition around large and growing junior markets; test club/program capacity.
132,43650,Light,South Australia,56.141552511415526,Tier 4 — Moderate,Young High-Intensity Market,36.43835616438356,83.56164383561644,48.42465753424658,2364.0,13.862663460974609,-31.0,-1.2943632567849688,17317.0,,Targeted junior engagement; validate demand and accessibility before scaling.
133,11730,Clarence Valley,New South Wales,55.93607305936072,Tier 4 — Moderate,Mixed / Moderate Opportunity,64.65753424657534,30.958904109589042,72.1917808219178,6267.0,11.148071723352782,119.0,1.9355888093689007,56874.0,,Selective investigation; prioritise based on local context and strategic fit.
134,34860,Maranoa,Queensland,55.84474885844749,Tier 4 — Moderate,Young High-Intensity Market,30.136986301369863,81.91780821917808,55.47945205479452,1839.0,13.789742051589682,-4.0,-0.2170374389582203,13370.0,,Targeted junior engagement; validate demand and accessibility before scaling.
135,51400,Capel,Western Australia,55.821917808219176,Tier 4 — Moderate,Young High-Intensity Market,43.013698630136986,94.52054794520548,29.93150684931507,2970.0,15.035690781147167,-100.0,-3.257328990228013,20171.0,,Targeted junior engagement; validate demand and accessibility before scaling.
136,52800,Derby-West Kimberley,Western Australia,55.82191780821917,Tier 4 — Moderate,Young High-Intensity Market,20.82191780821918,97.26027397260275,49.38356164383562,1320.0,15.402567094515755,-19.0,-1.4189693801344287,8683.0,,Targeted junior engagement; validate demand and accessibility before scaling.
137,22170,Frankston,Victoria,55.662100456621005,Tier 4 — Moderate,Large Established / Slower-Growth Market,85.2054794520548,53.42465753424658,28.356164383561644,17326.0,12.007678926613579,-282.0,-1.6015447523852793,145369.0,,"Focus on retention, conversion and utilisation rather than pure acquisition."
138,71000,Darwin,Northern Territory,55.502283105022826,Tier 4 — Moderate,Large Established / Slower-Growth Market,75.61643835616438,39.45205479452055,51.43835616438356,10166.0,11.454260701046726,-33.0,-0.32356113344445536,90035.0,,"Focus on retention, conversion and utilisation rather than pure acquisition."
139,70200,Alice Springs,Northern Territory,55.4337899543379,Tier 4 — Moderate,Mixed / Moderate Opportunity,50.68493150684932,61.369863013698634,54.24657534246575,3788.0,12.424968019155706,-11.0,-0.2895498815477757,30875.0,,Selective investigation; prioritise based on local context and strategic fit.
140,56090,Mundaring,Western Australia,55.38812785388127,Tier 4 — Moderate,Mixed / Moderate Opportunity,56.986301369863014,42.465753424657535,66.7123287671233,4916.0,11.585049724277702,61.0,1.2564366632337796,43577.0,,Selective investigation; prioritise based on local context and strategic fit.
141,74660,West Arnhem,Northern Territory,55.34246575342465,Tier 4 — Moderate,Young High-Intensity Market,18.63013698630137,98.35616438356163,49.04109589041096,1202.0,15.954340323865146,-19.0,-1.556101556101556,7608.0,,Targeted junior engagement; validate demand and accessibility before scaling.
142,15650,Muswellbrook,New South Wales,54.68036529680366,Tier 4 — Moderate,Young High-Intensity Market,37.534246575342465,89.31506849315069,37.19178082191781,2420.0,14.362017804154304,-65.0,-2.61569416498994,16859.0,,Targeted junior engagement; validate demand and accessibility before scaling.
143,13910,Hilltops,New South Wales,54.68036529680364,Tier 4 — Moderate,Young High-Intensity Market,39.726027397260275,76.16438356164383,48.150684931506845,2563.0,13.216108905275098,-33.0,-1.2711864406779663,19347.0,,Targeted junior engagement; validate demand and accessibility before scaling.
144,13340,Greater Hume,New South Wales,54.38356164383562,Tier 4 — Moderate,Young High-Intensity Market,27.397260273972602,83.83561643835617,51.917808219178085,1617.0,13.867924528301886,-14.0,-0.8583690987124464,11742.0,,Targeted junior engagement; validate demand and accessibility before scaling.
145,24250,Mansfield,Victoria,54.26940639269406,Tier 4 — Moderate,Rapid Growth Market,21.643835616438356,64.93150684931507,76.23287671232876,1351.0,12.544103992571959,79.0,6.210691823899371,10979.0,,Monitor and expand entry pathways; assess whether current cricket supply is keeping pace.
146,20740,Bass Coast,Victoria,54.24657534246575,Tier 4 — Moderate,Rapid Growth Market,55.61643835616439,18.356164383561644,88.76712328767124,4548.0,10.462869237139966,447.0,10.899780541331383,44377.0,,Monitor and expand entry pathways; assess whether current cricket supply is keeping pace.
147,10470,Bathurst,New South Wales,53.42465753424658,Tier 4 — Moderate,Mixed / Moderate Opportunity,61.917808219178085,66.57534246575342,31.78082191780822,5668.0,12.595835463010289,-127.0,-2.1915444348576356,45359.0,,Selective investigation; prioritise based on local context and strategic fit.
148,50420,Bayswater,Western Australia,53.33333333333333,Tier 4 — Moderate,Rapid Growth Market,67.53424657534246,12.054794520547945,80.41095890410959,7437.0,9.750757168517524,328.0,4.613869742579828,77383.0,,Monitor and expand entry pathways; assess whether current cricket supply is keeping pace.
149,11350,Byron,New South Wales,53.242009132420094,Tier 4 — Moderate,Rapid Growth Market,53.15068493150685,27.945205479452056,78.63013698630138,4209.0,11.051014781946595,194.0,4.831880448318804,38784.0,,Monitor and expand entry pathways; assess whether current cricket supply is keeping pace.
150,26810,Wellington,Victoria,53.12785388127854,Tier 4 — Moderate,Mixed / Moderate Opportunity,60.82191780821918,43.56164383561644,55.0,5379.0,11.623484668409793,-8.0,-0.1485056617783553,46551.0,,Selective investigation; prioritise based on local context and strategic fit.
151,10250,Ballina,New South Wales,52.92237442922374,Tier 4 — Moderate,Mixed / Moderate Opportunity,60.0,29.589041095890412,69.17808219178082,5356.0,11.127038537446763,85.0,1.6125972301271108,48603.0,,Selective investigation; prioritise based on local context and strategic fit.
152,60610,Burnie,Tasmania,52.71689497716895,Tier 4 — Moderate,Mixed / Moderate Opportunity,38.082191780821915,60.54794520547945,59.52054794520548,2523.0,12.379176684166627,12.0,0.4778972520908005,20420.0,,Selective investigation; prioritise based on local context and strategic fit.
153,53430,Fremantle,Western Australia,52.602739726027394,Tier 4 — Moderate,Rapid Growth Market,50.136986301369866,14.246575342465754,93.42465753424658,3726.0,10.186172393996555,782.0,26.5625,37542.0,,Monitor and expand entry pathways; assess whether current cricket supply is keeping pace.
154,51680,Chittering,Western Australia,52.397260273972606,Tier 4 — Moderate,Young High-Intensity Market,9.04109589041096,75.34246575342466,72.8082191780822,891.0,13.145470640306876,40.0,4.700352526439483,7039.0,,Targeted junior engagement; validate demand and accessibility before scaling.
155,13800,Hawkesbury,New South Wales,52.32876712328766,Tier 4 — Moderate,Mixed / Moderate Opportunity,71.23287671232876,66.02739726027397,19.726027397260275,8620.0,12.55845801949329,-336.0,-3.7516748548459136,69299.0,,Selective investigation; prioritise based on local context and strategic fit.
156,18450,Wollongong,New South Wales,52.28310502283105,Tier 4 — Moderate,Large Established / Slower-Growth Market,92.32876712328768,38.9041095890411,25.616438356164384,25430.0,11.444438443952404,-450.0,-1.7387944358578051,224327.0,,"Focus on retention, conversion and utilisation rather than pure acquisition."
157,15990,Northern Beaches,New South Wales,52.23744292237443,Tier 4 — Moderate,Large Established / Slower-Growth Market,95.06849315068493,55.89041095890411,5.7534246575342465,32915.0,12.135009585606843,-2896.0,-8.086900672977576,272656.0,,"Focus on retention, conversion and utilisation rather than pure acquisition."
158,64010,Launceston,Tasmania,52.00913242009132,Tier 4 — Moderate,Mixed / Moderate Opportunity,70.13698630136986,41.917808219178085,43.97260273972603,8267.0,11.5569038066347,-67.0,-0.8039356851451884,71341.0,,Selective investigation; prioritise based on local context and strategic fit.
159,33610,Goondiwindi,Queensland,51.894977168949765,Tier 4 — Moderate,Young High-Intensity Market,24.65753424657534,88.21917808219179,42.80821917808219,1487.0,14.220139619393708,-36.0,-2.3637557452396587,10438.0,,Targeted junior engagement; validate demand and accessibility before scaling.
160,17080,Snowy Valleys,New South Wales,51.735159817351594,Tier 4 — Moderate,Mixed / Moderate Opportunity,30.958904109589042,67.67123287671232,56.57534246575342,1900.0,12.625423616187122,0.0,0.0,15058.0,,Selective investigation; prioritise based on local context and strategic fit.
161,50490,Belmont,Western Australia,51.64383561643836,Tier 4 — Moderate,Rapid Growth Market,56.16438356164384,10.95890410958904,87.8082191780822,4612.0,9.682159801822229,418.0,9.966618979494516,48221.0,,Monitor and expand entry pathways; assess whether current cricket supply is keeping pace.
162,18250,Willoughby,New South Wales,51.59817351598173,Tier 4 — Moderate,Mixed / Moderate Opportunity,74.52054794520548,66.3013698630137,13.972602739726026,10038.0,12.592992184265658,-556.0,-5.24825372852558,80520.0,,Selective investigation; prioritise based on local context and strategic fit.
163,15520,Murray River,New South Wales,51.32420091324201,Tier 4 — Moderate,Rapid Growth Market,27.123287671232877,47.12328767123288,79.72602739726028,1605.0,11.736745886654479,111.0,7.429718875502007,14030.0,,Monitor and expand entry pathways; assess whether current cricket supply is keeping pace.
164,64810,Sorell,Tasmania,51.141552511415526,Tier 4 — Moderate,Rapid Growth Market,33.97260273972603,43.013698630136986,76.43835616438356,2074.0,11.609941782355575,101.0,5.119107957425241,18108.0,,Monitor and expand entry pathways; assess whether current cricket supply is keeping pace.
165,48130,Wakefield,South Australia,51.14155251141552,Tier 4 — Moderate,Young High-Intensity Market,10.684931506849315,78.63013698630137,64.10958904109589,946.0,13.522012578616351,16.0,1.7204301075268817,6993.0,,Targeted junior engagement; validate demand and accessibility before scaling.
166,25710,Nillumbik,Victoria,50.6392694063927,Tier 4 — Moderate,Mixed / Moderate Opportunity,69.86301369863014,71.78082191780823,10.273972602739727,8218.0,12.936028208034253,-624.0,-7.057226871748473,63797.0,,Selective investigation; prioritise based on local context and strategic fit.
167,40310,Barossa,South Australia,50.47945205479452,Tier 4 — Moderate,Mixed / Moderate Opportunity,45.47945205479452,60.0,45.95890410958904,3289.0,12.35026848409748,-47.0,-1.408872901678657,26817.0,,Selective investigation; prioritise based on local context and strategic fit.
168,23430,Kingston (Vic.),Victoria,50.182648401826484,Tier 4 — Moderate,Large Established / Slower-Growth Market,86.84931506849315,37.80821917808219,25.89041095890411,18918.0,11.391513268421338,-354.0,-1.8368617683686177,168061.0,,"Focus on retention, conversion and utilisation rather than pure acquisition."
169,13310,Goulburn Mulwaree,New South Wales,49.977168949771695,Tier 5 — Lower Relative,Mixed / Moderate Opportunity,51.78082191780822,49.04109589041096,49.109589041095894,3940.0,11.830055547215133,-35.0,-0.8805031446540881,33746.0,,Selective investigation; prioritise based on local context and strategic fit.
170,23670,Knox,Victoria,49.90867579908676,Tier 5 — Lower Relative,Large Established / Slower-Growth Market,86.57534246575342,39.726027397260275,23.424657534246577,18749.0,11.505559783008911,-443.0,-2.308253438932889,163820.0,,"Focus on retention, conversion and utilisation rather than pure acquisition."
171,17640,Upper Lachlan,New South Wales,49.90867579908675,Tier 5 — Lower Relative,Rapid Growth Market,14.246575342465754,52.054794520547944,83.42465753424658,1068.0,11.979809310151431,110.0,11.482254697286013,9005.0,,Monitor and expand entry pathways; assess whether current cricket supply is keeping pace.
172,14700,Lane Cove,New South Wales,49.885844748858446,Tier 5 — Lower Relative,Mixed / Moderate Opportunity,56.71232876712329,31.506849315068493,61.43835616438356,4763.0,11.182326149222895,24.0,0.5064359569529436,43094.0,,Selective investigation; prioritise based on local context and strategic fit.
173,16950,Shoalhaven,New South Wales,49.817351598173516,Tier 5 — Lower Relative,Large Established / Slower-Growth Market,77.53424657534246,22.19178082191781,49.726027397260275,11881.0,10.705436065632856,-46.0,-0.38567955059948017,111755.0,,"Focus on retention, conversion and utilisation rather than pure acquisition."
174,52730,Denmark,Western Australia,49.61187214611872,Tier 5 — Lower Relative,Mixed / Moderate Opportunity,8.21917808219178,69.86301369863014,70.75342465753425,862.0,12.800712800712802,33.0,3.9806996381182147,6858.0,,Selective investigation; prioritise based on local context and strategic fit.
175,46510,Prospect,South Australia,49.17808219178082,Tier 5 — Lower Relative,Mixed / Moderate Opportunity,40.821917808219176,36.986301369863014,69.72602739726027,2658.0,11.387199040356439,60.0,2.3094688221709005,23459.0,,Selective investigation; prioritise based on local context and strategic fit.
176,63010,Huon Valley,Tasmania,48.99543378995433,Tier 5 — Lower Relative,Mixed / Moderate Opportunity,36.16438356164384,40.273972602739725,70.54794520547945,2272.0,11.525974025974026,67.0,3.0385487528344672,19893.0,,Selective investigation; prioritise based on local context and strategic fit.
177,53290,Esperance,Western Australia,48.881278538812786,Tier 5 — Lower Relative,Young High-Intensity Market,31.780821917808222,76.43835616438356,38.42465753424658,1936.0,13.243945820221645,-56.0,-2.8112449799196786,14663.0,,Targeted junior engagement; validate demand and accessibility before scaling.
178,10900,Blue Mountains,New South Wales,48.72146118721461,Tier 5 — Lower Relative,Mixed / Moderate Opportunity,74.24657534246575,56.43835616438356,15.479452054794521,9595.0,12.169137697058861,-500.0,-4.952947003467063,79236.0,,Selective investigation; prioritise based on local context and strategic fit.
179,11400,Cabonne,New South Wales,48.6986301369863,Tier 5 — Lower Relative,Young High-Intensity Market,32.054794520547944,87.3972602739726,26.64383561643836,1969.0,14.148164115829562,-100.0,-4.833252779120348,13915.0,,Targeted junior engagement; validate demand and accessibility before scaling.
180,14220,Inverell,New South Wales,48.698630136986296,Tier 5 — Lower Relative,Young High-Intensity Market,36.71232876712329,75.61643835616438,33.76712328767123,2388.0,13.1715388858246,-74.0,-3.0056864337936635,18152.0,,Targeted junior engagement; validate demand and accessibility before scaling.
181,20910,Bayside (Vic.),Victoria,48.630136986301366,Tier 5 — Lower Relative,Large Established / Slower-Growth Market,79.17808219178082,58.63013698630137,8.082191780821917,12984.0,12.268385097275896,-1046.0,-7.455452601568069,107164.0,,"Focus on retention, conversion and utilisation rather than pure acquisition."
182,24780,Mildura,Victoria,48.53881278538813,Tier 5 — Lower Relative,Mixed / Moderate Opportunity,66.84931506849315,59.45205479452055,19.315068493150687,7047.0,12.334161795078238,-305.0,-4.148531011969532,57309.0,,Selective investigation; prioritise based on local context and strategic fit.
183,18710,Yass Valley,New South Wales,48.2648401826484,Tier 5 — Lower Relative,Young High-Intensity Market,36.986301369863014,79.72602739726027,28.08219178082192,2391.0,13.620051267445172,-103.0,-4.1299117882919,17663.0,,Targeted junior engagement; validate demand and accessibility before scaling.
184,48410,West Torrens,South Australia,48.219178082191775,Tier 5 — Lower Relative,Mixed / Moderate Opportunity,63.83561643835617,7.397260273972603,73.42465753424656,6125.0,9.289592622925955,132.0,2.2025696646087103,66547.0,,Selective investigation; prioritise based on local context and strategic fit.
185,22310,Glen Eira,Victoria,47.67123287671233,Tier 5 — Lower Relative,Large Established / Slower-Growth Market,85.75342465753425,41.0958904109589,16.164383561643834,18527.0,11.540857388465994,-743.0,-3.8557343020238712,163025.0,,"Focus on retention, conversion and utilisation rather than pure acquisition."
186,63610,Kingborough,Tasmania,47.602739726027394,Tier 5 — Lower Relative,Mixed / Moderate Opportunity,58.082191780821915,59.178082191780824,25.54794520547945,5097.0,12.288145808722486,-164.0,-3.117278084014446,41628.0,,Selective investigation; prioritise based on local context and strategic fit.
187,18350,Wingecarribee,New South Wales,47.48858447488585,Tier 5 — Lower Relative,Mixed / Moderate Opportunity,64.38356164383562,42.19178082191781,35.89041095890411,6194.0,11.575406466081105,-106.0,-1.6825396825396828,53840.0,,Selective investigation; prioritise based on local context and strategic fit.
188,12850,Fairfield,New South Wales,47.44292237442923,Tier 5 — Lower Relative,Large Established / Slower-Growth Market,91.78082191780823,48.21917808219178,2.3287671232876708,25099.0,11.81229468849126,-2863.0,-10.238895644088405,213677.0,,"Focus on retention, conversion and utilisation rather than pure acquisition."
189,58570,Vincent,Western Australia,47.21461187214612,Tier 5 — Lower Relative,Rapid Growth Market,49.86301369863014,3.5616438356164384,88.21917808219177,3677.0,8.816265854652697,368.0,11.121184647929889,42392.0,,Monitor and expand entry pathways; assess whether current cricket supply is keeping pace.
190,23190,Horsham,Victoria,46.94063926940639,Tier 5 — Lower Relative,Mixed / Moderate Opportunity,38.35616438356164,63.013698630136986,39.45205479452055,2531.0,12.488281442739428,-60.0,-2.3157082207641837,20252.0,,Selective investigation; prioritise based on local context and strategic fit.
191,32260,Cassowary Coast,Queensland,46.87214611872145,Tier 5 — Lower Relative,Mixed / Moderate Opportunity,49.31506849315068,50.68493150684932,40.61643835616438,3625.0,11.938086612876667,-65.0,-1.7615176151761516,30666.0,,Selective investigation; prioritise based on local context and strategic fit.
192,50080,Albany,Western Australia,46.66666666666667,Tier 5 — Lower Relative,Mixed / Moderate Opportunity,57.26027397260274,50.41095890410959,32.328767123287676,4964.0,11.900081507407585,-115.0,-2.2642252411892105,42308.0,,Selective investigation; prioritise based on local context and strategic fit.
193,58510,Victoria Park,Western Australia,46.62100456621005,Tier 5 — Lower Relative,Rapid Growth Market,47.397260273972606,2.73972602739726,89.72602739726028,3461.0,8.13128465369796,410.0,13.438216978039987,43333.0,,Monitor and expand entry pathways; assess whether current cricket supply is keeping pace.
194,11250,Broken Hill,New South Wales,46.278538812785385,Tier 5 — Lower Relative,Mixed / Moderate Opportunity,33.42465753424658,44.109589041095894,61.301369863013704,2056.0,11.682481959202228,15.0,0.7349338559529642,17515.0,,Selective investigation; prioritise based on local context and strategic fit.
195,16200,Parkes,New South Wales,46.16438356164384,Tier 5 — Lower Relative,Young High-Intensity Market,32.32876712328767,85.47945205479452,20.684931506849317,1996.0,14.022762399887592,-132.0,-6.203007518796992,14175.0,,Targeted junior engagement; validate demand and accessibility before scaling.
196,31820,Bundaberg,Queensland,46.02739726027397,Tier 5 — Lower Relative,Large Established / Slower-Growth Market,77.8082191780822,32.602739726027394,27.67123287671233,11896.0,11.233769299778082,-229.0,-1.8886597938144332,107297.0,,"Focus on retention, conversion and utilisation rather than pure acquisition."
197,15900,Newcastle,New South Wales,45.63926940639269,Tier 5 — Lower Relative,Large Established / Slower-Growth Market,85.47945205479452,17.26027397260274,34.178082191780824,18445.0,10.421610504666983,-167.0,-0.8972705781216419,178935.0,,"Focus on retention, conversion and utilisation rather than pure acquisition."
198,51190,Bunbury,Western Australia,45.52511415525114,Tier 5 — Lower Relative,Mixed / Moderate Opportunity,51.23287671232877,27.397260273972602,57.945205479452056,3903.0,11.04133073071374,8.0,0.20539152759948653,35730.0,,Selective investigation; prioritise based on local context and strategic fit.
199,15300,Moree Plains,New South Wales,45.4566210045662,Tier 5 — Lower Relative,Young High-Intensity Market,29.041095890410958,80.54794520547945,26.78082191780822,1759.0,13.657892693532107,-92.0,-4.970286331712588,12845.0,,Targeted junior engagement; validate demand and accessibility before scaling.
200,45090,Naracoorte Lucindale,South Australia,45.15981735159817,Tier 5 — Lower Relative,Mixed / Moderate Opportunity,17.534246575342465,72.05479452054794,45.89041095890411,1158.0,12.93999329534026,-25.0,-2.113271344040575,8930.0,,Selective investigation; prioritise based on local context and strategic fit.
201,16400,Port Stephens,New South Wales,45.159817351598164,Tier 5 — Lower Relative,Mixed / Moderate Opportunity,72.6027397260274,36.71232876712329,26.164383561643834,8998.0,11.382957190567756,-220.0,-2.386634844868735,80070.0,,Selective investigation; prioritise based on local context and strategic fit.
202,12900,Forbes,New South Wales,44.81735159817351,Tier 5 — Lower Relative,Young High-Intensity Market,19.726027397260275,81.0958904109589,33.630136986301366,1284.0,13.773868268611885,-59.0,-4.393149664929263,9301.0,,Targeted junior engagement; validate demand and accessibility before scaling.
203,26730,Warrnambool,Victoria,44.5662100456621,Tier 5 — Lower Relative,Mixed / Moderate Opportunity,52.87671232876713,46.849315068493155,33.97260273972603,4205.0,11.713744498300741,-99.0,-2.300185873605948,36255.0,,Selective investigation; prioritise based on local context and strategic fit.
204,65410,Waratah-Wynyard,Tasmania,44.29223744292237,Tier 5 — Lower Relative,Mixed / Moderate Opportunity,28.21917808219178,46.57534246575342,58.082191780821915,1743.0,11.704270749395649,5.0,0.28768699654775604,14916.0,,Selective investigation; prioritise based on local context and strategic fit.
205,25340,Mornington Peninsula,Victoria,44.15525114155251,Tier 5 — Lower Relative,Large Established / Slower-Growth Market,87.12328767123287,32.87671232876712,12.465753424657535,19205.0,11.24039401370737,-1058.0,-5.2213393870601585,172217.0,,"Focus on retention, conversion and utilisation rather than pure acquisition."
206,14350,Kempsey,New South Wales,44.13242009132419,Tier 5 — Lower Relative,Mixed / Moderate Opportunity,49.04109589041096,34.794520547945204,48.56164383561644,3598.0,11.3080646175121,-35.0,-0.9633911368015413,31950.0,,Selective investigation; prioritise based on local context and strategic fit.
207,46300,Port Lincoln,South Australia,44.10958904109589,Tier 5 — Lower Relative,Mixed / Moderate Opportunity,30.684931506849317,61.917808219178085,39.726027397260275,1875.0,12.444414946571978,-51.0,-2.64797507788162,15065.0,,Selective investigation; prioritise based on local context and strategic fit.
208,16610,Richmond Valley,New South Wales,43.99543378995433,Tier 5 — Lower Relative,Mixed / Moderate Opportunity,43.56164383561644,65.20547945205479,23.21917808219178,3008.0,12.550066755674234,-146.0,-4.629042485732404,24044.0,,Selective investigation; prioritise based on local context and strategic fit.
209,72200,Katherine,Northern Territory,43.88127853881278,Tier 5 — Lower Relative,Young High-Intensity Market,24.93150684931507,79.17808219178082,27.534246575342465,1515.0,13.541294243832677,-81.0,-5.075187969924812,11282.0,,Targeted junior engagement; validate demand and accessibility before scaling.
210,26700,Wangaratta,Victoria,43.74429223744292,Tier 5 — Lower Relative,Mixed / Moderate Opportunity,48.76712328767123,51.50684931506849,30.958904109589042,3592.0,11.958186297356683,-104.0,-2.813852813852814,30089.0,,Selective investigation; prioritise based on local context and strategic fit.
211,36820,Tablelands,Queensland,43.74429223744292,Tier 5 — Lower Relative,Mixed / Moderate Opportunity,46.3013698630137,58.082191780821915,26.849315068493148,3372.0,12.228467815049864,-126.0,-3.6020583190394513,27902.0,,Selective investigation; prioritise based on local context and strategic fit.
212,14600,Lachlan,New South Wales,42.85388127853881,Tier 5 — Lower Relative,Young High-Intensity Market,8.767123287671232,89.58904109589041,30.205479452054796,880.0,14.383785550833606,-58.0,-6.183368869936034,6118.0,,Targeted junior engagement; validate demand and accessibility before scaling.
213,10550,Bega Valley,New South Wales,42.8310502283105,Tier 5 — Lower Relative,Mixed / Moderate Opportunity,51.50684931506849,20.82191780821918,56.16438356164384,3906.0,10.643051771117166,-3.0,-0.07674597083653108,36921.0,,Selective investigation; prioritise based on local context and strategic fit.
214,22110,East Gippsland,Victoria,42.80821917808219,Tier 5 — Lower Relative,Mixed / Moderate Opportunity,58.35616438356165,17.534246575342465,52.534246575342465,5138.0,10.44669906268426,-22.0,-0.4263565891472868,49669.0,,Selective investigation; prioritise based on local context and strategic fit.
215,36580,Somerset,Queensland,42.64840182648402,Tier 5 — Lower Relative,Mixed / Moderate Opportunity,46.02739726027397,67.3972602739726,14.520547945205479,3347.0,12.622567506411222,-245.0,-6.820712694877505,26936.0,,Selective investigation; prioritise based on local context and strategic fit.
216,33220,Fraser Coast,Queensland,42.534246575342465,Tier 5 — Lower Relative,Large Established / Slower-Growth Market,78.63013698630137,16.71232876712329,32.26027397260274,12514.0,10.397919419032663,-168.0,-1.3247121905062293,122924.0,,"Focus on retention, conversion and utilisation rather than pure acquisition."
217,36510,Scenic Rim,Queensland,42.37442922374429,Tier 5 — Lower Relative,Mixed / Moderate Opportunity,61.369863013698634,50.95890410958904,14.794520547945204,5485.0,11.938446804805851,-345.0,-5.917667238421955,46947.0,,Selective investigation; prioritise based on local context and strategic fit.
218,65810,West Tamar,Tasmania,42.35159817351598,Tier 5 — Lower Relative,Mixed / Moderate Opportunity,42.73972602739726,36.43835616438356,47.87671232876713,2956.0,11.34871578300764,-36.0,-1.2032085561497325,26136.0,,Selective investigation; prioritise based on local context and strategic fit.
219,26980,Whitehorse,Victoria,41.91780821917808,Tier 5 — Lower Relative,Large Established / Slower-Growth Market,87.94520547945206,21.095890410958905,16.71232876712329,19468.0,10.649366278465502,-739.0,-3.6571485128915717,185256.0,,"Focus on retention, conversion and utilisation rather than pure acquisition."
220,72300,Litchfield,Northern Territory,41.89497716894977,Tier 5 — Lower Relative,Mixed / Moderate Opportunity,42.465753424657535,47.397260273972606,35.82191780821918,2859.0,11.76301172598231,-74.0,-2.523013978861234,24849.0,,Selective investigation; prioritise based on local context and strategic fit.
221,17900,Walgett,New South Wales,41.757990867579906,Tier 5 — Lower Relative,Young High-Intensity Market,4.931506849315069,77.53424657534246,42.8082191780822,740.0,13.413086822548486,-22.0,-2.8871391076115485,5437.0,,Targeted junior engagement; validate demand and accessibility before scaling.
222,55740,Mosman Park,Western Australia,41.3013698630137,Tier 5 — Lower Relative,Mixed / Moderate Opportunity,18.356164383561644,42.73972602739726,62.80821917808219,1200.0,11.607661056297156,15.0,1.2658227848101267,10482.0,,Selective investigation; prioritise based on local context and strategic fit.
223,44620,Mount Gambier,South Australia,41.25570776255708,Tier 5 — Lower Relative,Mixed / Moderate Opportunity,46.849315068493155,56.16438356164384,20.753424657534246,3409.0,12.168046830382638,-176.0,-4.909344490934449,28057.0,,Selective investigation; prioritise based on local context and strategic fit.
224,73600,Roper Gulf,Northern Territory,41.09589041095891,Tier 5 — Lower Relative,Young High-Intensity Market,16.575342465753426,93.42465753424658,13.287671232876711,1128.0,14.972126360499072,-131.0,-10.40508339952343,7597.0,,Targeted junior engagement; validate demand and accessibility before scaling.
225,48540,Whyalla,South Australia,40.91324200913242,Tier 5 — Lower Relative,Mixed / Moderate Opportunity,41.23287671232877,60.82191780821918,20.684931506849317,2710.0,12.388571428571428,-154.0,-5.377094972067039,21720.0,,Selective investigation; prioritise based on local context and strategic fit.
226,46090,Port Augusta,South Australia,40.799086757990864,Tier 5 — Lower Relative,Mixed / Moderate Opportunity,29.863013698630137,64.10958904109589,28.424657534246577,1811.0,12.525937197399365,-87.0,-4.5837723919915705,14469.0,,Selective investigation; prioritise based on local context and strategic fit.
227,64610,Northern Midlands,Tasmania,40.799086757990864,Tier 5 — Lower Relative,Mixed / Moderate Opportunity,26.575342465753426,27.671232876712327,68.15068493150685,1595.0,11.0472364593434,34.0,2.1780909673286355,14544.0,,Selective investigation; prioritise based on local context and strategic fit.
228,13450,Griffith,New South Wales,40.77625570776255,Tier 5 — Lower Relative,Mixed / Moderate Opportunity,46.57534246575342,59.726027397260275,16.027397260273972,3387.0,12.34689413823272,-228.0,-6.3070539419087135,27458.0,,Selective investigation; prioritise based on local context and strategic fit.
229,35740,Noosa,Queensland,40.68493150684931,Tier 5 — Lower Relative,Mixed / Moderate Opportunity,65.75342465753424,25.205479452054796,31.0958904109589,6430.0,10.895535033466068,-140.0,-2.13089802130898,59551.0,,Selective investigation; prioritise based on local context and strategic fit.
230,21180,Brimbank,Victoria,40.639269406392685,Tier 5 — Lower Relative,Large Established / Slower-Growth Market,89.58904109589041,28.767123287671232,3.5616438356164384,21906.0,11.091757891219151,-2279.0,-9.42319619598925,198181.0,,"Focus on retention, conversion and utilisation rather than pure acquisition."
231,43710,Lower Eyre,South Australia,40.54794520547945,Tier 5 — Lower Relative,Mixed / Moderate Opportunity,7.123287671232877,71.23287671232876,43.28767123287671,802.0,12.881464824927722,-23.0,-2.7878787878787876,6268.0,,Selective investigation; prioritise based on local context and strategic fit.
232,21110,Boroondara,Victoria,40.4566210045662,Tier 5 — Lower Relative,Large Established / Slower-Growth Market,88.4931506849315,30.136986301369863,2.73972602739726,19740.0,11.13084665482534,-2248.0,-10.223758413680189,178601.0,,"Focus on retention, conversion and utilisation rather than pure acquisition."
233,21750,Colac Otway,Victoria,40.4337899543379,Tier 5 — Lower Relative,Mixed / Moderate Opportunity,38.63013698630137,39.178082191780824,43.49315068493151,2542.0,11.446325648414986,-48.0,-1.8532818532818531,22209.0,,Selective investigation; prioritise based on local context and strategic fit.
234,45290,Norwood Payneham and St Peters,South Australia,40.38812785388128,Tier 5 — Lower Relative,Mixed / Moderate Opportunity,50.41095890410959,7.9452054794520555,62.8082191780822,3774.0,9.391797730439976,27.0,0.7205764611689351,40845.0,,Selective investigation; prioritise based on local context and strategic fit.
235,50350,Bassendean,Western Australia,40.20547945205479,Tier 5 — Lower Relative,Mixed / Moderate Opportunity,30.41095890410959,24.65753424657534,65.54794520547945,1867.0,10.855282283853713,29.0,1.5778019586507073,17413.0,,Selective investigation; prioritise based on local context and strategic fit.
236,48260,Walkerville,South Australia,39.885844748858446,Tier 5 — Lower Relative,Rapid Growth Market,10.95890410958904,28.493150684931507,80.20547945205479,952.0,11.078785057605026,83.0,9.551208285385501,8673.0,,Monitor and expand entry pathways; assess whether current cricket supply is keeping pace.
237,32310,Charters Towers,Queensland,39.863013698630134,Tier 5 — Lower Relative,Young High-Intensity Market,27.671232876712327,81.36986301369863,10.54794520547945,1657.0,13.773898586866167,-181.0,-9.84766050054407,12088.0,,Targeted junior engagement; validate demand and accessibility before scaling.
238,52870,Donnybrook-Balingup,Western Australia,39.70319634703197,Tier 5 — Lower Relative,Mixed / Moderate Opportunity,6.027397260273973,41.369863013698634,71.7123287671233,763.0,11.546610169491526,33.0,4.52054794520548,6698.0,,Selective investigation; prioritise based on local context and strategic fit.
239,23350,Indigo,Victoria,39.61187214611872,Tier 5 — Lower Relative,Mixed / Moderate Opportunity,34.24657534246575,53.15068493150685,31.438356164383563,2114.0,11.999091837893063,-78.0,-3.5583941605839415,17758.0,,Selective investigation; prioritise based on local context and strategic fit.
240,14850,Lismore,New South Wales,39.58904109589041,Tier 5 — Lower Relative,Mixed / Moderate Opportunity,58.63013698630137,49.31506849315068,10.821917808219178,5184.0,11.849142857142857,-417.0,-7.445099089448312,43642.0,,Selective investigation; prioritise based on local context and strategic fit.
241,15240,Mid-Coast,New South Wales,39.543378995433784,Tier 5 — Lower Relative,Large Established / Slower-Growth Market,75.06849315068493,15.068493150684931,28.493150684931507,10094.0,10.221772151898733,-200.0,-1.9428793471925394,99448.0,,"Focus on retention, conversion and utilisation rather than pure acquisition."
242,57980,Subiaco,Western Australia,39.26940639269406,Tier 5 — Lower Relative,Mixed / Moderate Opportunity,32.602739726027394,15.342465753424658,69.86301369863014,2005.0,10.224896731092866,50.0,2.557544757033248,20038.0,,Selective investigation; prioritise based on local context and strategic fit.
243,17200,Sydney,New South Wales,39.04109589041096,Tier 5 — Lower Relative,Mixed / Moderate Opportunity,72.05479452054794,1.095890410958904,43.97260273972603,8788.0,3.6993226888704607,-69.0,-0.7790448233036017,241797.0,,Selective investigation; prioritise based on local context and strategic fit.
244,25060,Moonee Valley,Victoria,38.949771689497716,Tier 5 — Lower Relative,Large Established / Slower-Growth Market,80.0,17.80821917808219,19.04109589041096,13502.0,10.448523494087786,-480.0,-3.4329852667715635,130501.0,,"Focus on retention, conversion and utilisation rather than pure acquisition."
245,25490,Moyne,Victoria,38.926940639269404,Tier 5 — Lower Relative,Mixed / Moderate Opportunity,35.342465753424655,64.65753424657534,16.78082191780822,2216.0,12.543869579984152,-168.0,-7.046979865771812,17760.0,,Selective investigation; prioritise based on local context and strategic fit.
246,51890,Collie,Western Australia,38.767123287671225,Tier 5 — Lower Relative,Mixed / Moderate Opportunity,17.26027397260274,55.342465753424655,43.6986301369863,1144.0,12.11864406779661,-29.0,-2.47229326513214,9561.0,,Selective investigation; prioritise based on local context and strategic fit.
247,15750,Narrabri,New South Wales,38.67579908675799,Tier 5 — Lower Relative,Young High-Intensity Market,27.945205479452056,76.71232876712328,11.36986301369863,1701.0,13.245600373773556,-177.0,-9.424920127795527,12797.0,,Targeted junior engagement; validate demand and accessibility before scaling.
248,14400,Kiama,New South Wales,38.65296803652968,Tier 5 — Lower Relative,Mixed / Moderate Opportunity,40.273972602739725,33.6986301369863,41.986301369863014,2608.0,11.261280711602401,-55.0,-2.0653398422831395,23139.0,,Selective investigation; prioritise based on local context and strategic fit.
249,36660,Southern Downs,Queensland,38.44748858447488,Tier 5 — Lower Relative,Mixed / Moderate Opportunity,54.52054794520548,45.47945205479452,15.342465753424658,4411.0,11.689103243587025,-288.0,-6.1289636092785695,38064.0,,Selective investigation; prioritise based on local context and strategic fit.
250,15800,Narrandera,New South Wales,38.28767123287671,Tier 5 — Lower Relative,Young High-Intensity Market,6.8493150684931505,81.64383561643835,26.36986301369863,791.0,13.78048780487805,-63.0,-7.377049180327869,5761.0,,Targeted junior engagement; validate demand and accessibility before scaling.
251,26610,Swan Hill,Victoria,37.48858447488584,Tier 5 — Lower Relative,Mixed / Moderate Opportunity,38.9041095890411,56.986301369863014,16.575342465753426,2548.0,12.173331422292295,-184.0,-6.734992679355783,20962.0,,Selective investigation; prioritise based on local context and strategic fit.
252,61210,Circular Head,Tasmania,37.465753424657535,Tier 5 — Lower Relative,Mixed / Moderate Opportunity,13.698630136986301,68.4931506849315,30.205479452054796,1053.0,12.70511583011583,-61.0,-5.475763016157989,8286.0,,Selective investigation; prioritise based on local context and strategic fit.
253,24700,Merri-bek,Victoria,37.1689497716895,Tier 5 — Lower Relative,Large Established / Slower-Growth Market,84.38356164383562,6.8493150684931505,20.273972602739725,17162.0,9.252450319700678,-509.0,-2.880425555995699,189108.0,,"Focus on retention, conversion and utilisation rather than pure acquisition."
254,64210,Meander Valley,Tasmania,37.10045662100457,Tier 5 — Lower Relative,Mixed / Moderate Opportunity,37.26027397260274,29.315068493150687,44.72602739726027,2396.0,11.114203543928008,-43.0,-1.7630176301763019,21739.0,,Selective investigation; prioritise based on local context and strategic fit.
255,16100,Oberon,New South Wales,36.48401826484018,Tier 5 — Lower Relative,Mixed / Moderate Opportunity,2.4657534246575343,47.671232876712324,59.31506849315069,660.0,11.808910359634996,4.0,0.6097560975609756,5595.0,,Selective investigation; prioritise based on local context and strategic fit.
256,24330,Maribyrnong,Victoria,36.18721461187214,Tier 5 — Lower Relative,Mixed / Moderate Opportunity,70.68493150684931,5.205479452054795,32.67123287671233,8477.0,9.0447382179401,-146.0,-1.6931462368085353,94672.0,,Selective investigation; prioritise based on local context and strategic fit.
257,43790,Loxton Waikerie,South Australia,36.18721461187214,Tier 5 — Lower Relative,Mixed / Moderate Opportunity,23.835616438356162,44.93150684931507,39.794520547945204,1400.0,11.686143572621036,-43.0,-2.9799029799029797,11971.0,,Selective investigation; prioritise based on local context and strategic fit.
258,12930,Georges River,New South Wales,36.02739726027397,Tier 5 — Lower Relative,Large Established / Slower-Growth Market,83.01369863013699,13.150684931506849,11.917808219178081,16140.0,9.97885521385911,-958.0,-5.602994502280969,163919.0,,"Focus on retention, conversion and utilisation rather than pure acquisition."
259,47980,Unley,South Australia,35.93607305936072,Tier 5 — Lower Relative,Mixed / Moderate Opportunity,53.97260273972603,23.835616438356162,30.0,4354.0,10.76763280245326,-120.0,-2.682163611980331,40731.0,,Selective investigation; prioritise based on local context and strategic fit.
260,15850,Narromine,New South Wales,35.799086757990864,Tier 5 — Lower Relative,Young High-Intensity Market,9.315068493150685,84.10958904109589,13.972602739726028,893.0,13.888024883359254,-113.0,-11.232604373757455,6420.0,,Targeted junior engagement; validate demand and accessibility before scaling.
261,34880,Mareeba,Queensland,35.59360730593607,Tier 5 — Lower Relative,Mixed / Moderate Opportunity,41.64383561643836,37.534246575342465,27.602739726027394,2727.0,11.390977443609023,-109.0,-3.8434414668547254,24205.0,,Selective investigation; prioritise based on local context and strategic fit.
262,12350,Cowra,New South Wales,35.57077625570776,Tier 5 — Lower Relative,Mixed / Moderate Opportunity,24.383561643835616,44.38356164383562,37.945205479452056,1486.0,11.684227079729517,-49.0,-3.1921824104234524,12721.0,,Selective investigation; prioritise based on local context and strategic fit.
263,40220,Alexandrina,South Australia,35.47945205479452,Tier 5 — Lower Relative,Mixed / Moderate Opportunity,43.83561643835616,11.78082191780822,50.82191780821918,3016.0,9.746009177276546,-25.0,-0.8220979940808945,31427.0,,Selective investigation; prioritise based on local context and strategic fit.
264,26260,Southern Grampians,Victoria,35.36529680365297,Tier 5 — Lower Relative,Mixed / Moderate Opportunity,31.232876712328768,41.64383561643836,33.21917808219178,1901.0,11.556231003039514,-70.0,-3.5514967021816335,16483.0,,Selective investigation; prioritise based on local context and strategic fit.
265,10500,Bayside (NSW),New South Wales,35.205479452054796,Tier 5 — Lower Relative,Large Established / Slower-Growth Market,83.28767123287672,3.8356164383561646,18.493150684931507,16526.0,8.882033311655855,-565.0,-3.305833479609151,187770.0,,"Focus on retention, conversion and utilisation rather than pure acquisition."
266,12750,Eurobodalla,New South Wales,35.182648401826484,Tier 5 — Lower Relative,Mixed / Moderate Opportunity,52.32876712328767,10.684931506849315,42.534246575342465,3978.0,9.673418768085986,-61.0,-1.5102748205001237,41309.0,,Selective investigation; prioritise based on local context and strategic fit.
267,48050,Victor Harbor,South Australia,34.93150684931507,Tier 5 — Lower Relative,Mixed / Moderate Opportunity,25.205479452054796,4.931506849315069,74.65753424657534,1551.0,9.041622945085695,76.0,5.1525423728813555,17457.0,,Selective investigation; prioritise based on local context and strategic fit.
268,24600,Melbourne,Victoria,34.93150684931506,Tier 5 — Lower Relative,Mixed / Moderate Opportunity,63.013698630136986,0.821917808219178,40.95890410958904,5944.0,3.16903473462533,-76.0,-1.2624584717607974,194481.0,,Selective investigation; prioritise based on local context and strategic fit.
269,10800,Bland,New South Wales,34.72602739726027,Tier 5 — Lower Relative,Mixed / Moderate Opportunity,4.657534246575342,74.24657534246575,25.273972602739725,717.0,13.11985361390668,-63.0,-8.076923076923077,5455.0,,Selective investigation; prioritise based on local context and strategic fit.
270,57210,Plantagenet,Western Australia,34.65753424657534,Tier 5 — Lower Relative,Mixed / Moderate Opportunity,3.287671232876712,50.136986301369866,50.54794520547945,686.0,11.895266169585573,-9.0,-1.2949640287769784,5793.0,,Selective investigation; prioritise based on local context and strategic fit.
271,21370,Campaspe,Victoria,34.52054794520548,Tier 5 — Lower Relative,Mixed / Moderate Opportunity,54.24657534246575,40.0,9.315068493150685,4378.0,11.525905644481888,-396.0,-8.294930875576037,37954.0,,Selective investigation; prioritise based on local context and strategic fit.
272,26170,South Gippsland,Victoria,34.246575342465746,Tier 5 — Lower Relative,Mixed / Moderate Opportunity,47.94520547945205,35.61643835616438,19.178082191780824,3508.0,11.339173158354074,-190.0,-5.137912385073013,31109.0,,Selective investigation; prioritise based on local context and strategic fit.
273,42750,Kangaroo Island,South Australia,34.20091324200913,Tier 5 — Lower Relative,Mixed / Moderate Opportunity,0.821917808219178,26.84931506849315,74.93150684931507,568.0,10.982211910286157,36.0,6.7669172932330826,5212.0,,Selective investigation; prioritise based on local context and strategic fit.
274,24900,Moira,Victoria,34.178082191780824,Tier 5 — Lower Relative,Mixed / Moderate Opportunity,47.12328767123288,34.52054794520548,20.89041095890411,3460.0,11.292059658627329,-176.0,-4.84048404840484,30866.0,,Selective investigation; prioritise based on local context and strategic fit.
275,10180,Armidale,New South Wales,34.018264840182646,Tier 5 — Lower Relative,Mixed / Moderate Opportunity,47.671232876712324,45.20547945205479,9.178082191780822,3470.0,11.689011655325743,-342.0,-8.971668415529905,29652.0,,Selective investigation; prioritise based on local context and strategic fit.
276,26670,Towong,Victoria,33.926940639269404,Tier 5 — Lower Relative,Mixed / Moderate Opportunity,3.8356164383561646,33.15068493150685,64.79452054794521,691.0,11.248575614520592,14.0,2.06794682422452,6158.0,,Selective investigation; prioritise based on local context and strategic fit.
277,14100,Hunters Hill,New South Wales,33.470319634703195,Tier 5 — Lower Relative,Mixed / Moderate Opportunity,28.767123287671232,62.465753424657535,9.178082191780822,1749.0,12.45105716523101,-204.0,-10.44546850998464,13983.0,,Selective investigation; prioritise based on local context and strategic fit.
278,61510,Derwent Valley,Tasmania,33.28767123287671,Tier 5 — Lower Relative,Mixed / Moderate Opportunity,22.465753424657535,49.86301369863014,27.534246575342465,1357.0,11.872265966754156,-77.0,-5.369595536959554,11513.0,,Selective investigation; prioritise based on local context and strategic fit.
279,51540,Carnarvon,Western Australia,33.2648401826484,Tier 5 — Lower Relative,Mixed / Moderate Opportunity,3.5616438356164384,58.9041095890411,37.32876712328767,690.0,12.273212379935966,-33.0,-4.564315352697095,5655.0,,Selective investigation; prioritise based on local context and strategic fit.
280,20260,Ararat,Victoria,33.05936073059361,Tier 5 — Lower Relative,Mixed / Moderate Opportunity,19.45205479452055,22.465753424657535,57.26027397260274,1245.0,10.70967741935484,2.0,0.16090104585679807,11732.0,,Selective investigation; prioritise based on local context and strategic fit.
281,17620,Upper Hunter,New South Wales,32.96803652968036,Tier 5 — Lower Relative,Mixed / Moderate Opportunity,29.589041095890412,62.19178082191781,7.123287671232877,1795.0,12.445399708798446,-234.0,-11.53277476589453,14425.0,,Selective investigation; prioritise based on local context and strategic fit.
282,17650,Uralla,New South Wales,32.94520547945205,Tier 5 — Lower Relative,Mixed / Moderate Opportunity,6.301369863013699,67.12328767123287,25.410958904109588,771.0,12.602157567832625,-64.0,-7.664670658682635,6179.0,,Selective investigation; prioritise based on local context and strategic fit.
283,17350,Temora,New South Wales,32.602739726027394,Tier 5 — Lower Relative,Mixed / Moderate Opportunity,5.205479452054795,63.561643835616444,29.041095890410958,758.0,12.50825082508251,-57.0,-6.993865030674846,6050.0,,Selective investigation; prioritise based on local context and strategic fit.
284,57840,South Perth,Western Australia,32.51141552511415,Tier 5 — Lower Relative,Mixed / Moderate Opportunity,53.6986301369863,4.657534246575342,39.17808219178082,4343.0,9.019542688625366,-75.0,-1.6976007243096423,48745.0,,Selective investigation; prioritise based on local context and strategic fit.
285,61610,Devonport,Tasmania,32.465753424657535,Tier 5 — Lower Relative,Mixed / Moderate Opportunity,44.38356164383562,38.63013698630137,14.383561643835616,3077.0,11.405589739787976,-233.0,-7.039274924471299,26994.0,,Selective investigation; prioritise based on local context and strategic fit.
286,41560,Copper Coast,South Australia,32.44292237442922,Tier 5 — Lower Relative,Mixed / Moderate Opportunity,26.301369863013697,10.136986301369863,60.89041095890411,1578.0,9.659647404505387,12.0,0.7662835249042145,16601.0,,Selective investigation; prioritise based on local context and strategic fit.
287,22410,Glenelg,Victoria,32.397260273972606,Tier 5 — Lower Relative,Mixed / Moderate Opportunity,34.52054794520548,22.73972602739726,39.93150684931507,2137.0,10.73437813944143,-55.0,-2.509124087591241,19908.0,,Selective investigation; prioritise based on local context and strategic fit.
288,46450,Port Pirie,South Australia,31.98630136986301,Tier 5 — Lower Relative,Mixed / Moderate Opportunity,33.6986301369863,45.75342465753425,16.506849315068493,2066.0,11.690810321412403,-164.0,-7.354260089686099,17664.0,,Selective investigation; prioritise based on local context and strategic fit.
289,51750,Claremont,Western Australia,31.963470319634702,Tier 5 — Lower Relative,Mixed / Moderate Opportunity,21.36986301369863,20.273972602739725,54.24657534246576,1347.0,10.5663633511139,-6.0,-0.4434589800443459,13091.0,,Selective investigation; prioritise based on local context and strategic fit.
290,21890,Darebin,Victoria,31.91780821917808,Tier 5 — Lower Relative,Large Established / Slower-Growth Market,81.36986301369863,6.027397260273973,8.356164383561644,14541.0,9.130983554056854,-1133.0,-7.228531325762409,162496.0,,"Focus on retention, conversion and utilisation rather than pure acquisition."
291,10600,Bellingen,New South Wales,31.87214611872146,Tier 5 — Lower Relative,Mixed / Moderate Opportunity,26.027397260273972,48.49315068493151,21.095890410958905,1573.0,11.81640625,-115.0,-6.812796208530806,13348.0,,Selective investigation; prioritise based on local context and strategic fit.
292,14550,Kyogle,New South Wales,31.7351598173516,Tier 5 — Lower Relative,Mixed / Moderate Opportunity,14.794520547945206,35.06849315068493,45.34246575342466,1091.0,11.325651406623066,-25.0,-2.240143369175627,9707.0,,Selective investigation; prioritise based on local context and strategic fit.
293,45040,Murray Bridge,South Australia,31.689497716894977,Tier 5 — Lower Relative,Mixed / Moderate Opportunity,40.0,29.041095890410958,26.027397260273972,2589.0,11.101106251607924,-115.0,-4.252958579881657,23539.0,,Selective investigation; prioritise based on local context and strategic fit.
294,17040,Snowy Monaro,New South Wales,31.05022831050228,Tier 5 — Lower Relative,Mixed / Moderate Opportunity,37.80821917808219,28.21917808219178,27.123287671232877,2468.0,11.064783680789061,-108.0,-4.192546583850932,22396.0,,Selective investigation; prioritise based on local context and strategic fit.
295,25990,Pyrenees,Victoria,31.02739726027397,Tier 5 — Lower Relative,Mixed / Moderate Opportunity,7.671232876712329,16.43835616438356,68.97260273972603,817.0,10.307847590209438,27.0,3.4177215189873418,7957.0,,Selective investigation; prioritise based on local context and strategic fit.
296,17100,Strathfield,New South Wales,30.662100456621005,Tier 5 — Lower Relative,Mixed / Moderate Opportunity,53.42465753424658,3.287671232876712,35.273972602739725,4256.0,8.76856830871294,-92.0,-2.1159153633854646,49203.0,,Selective investigation; prioritise based on local context and strategic fit.
297,50840,Bridgetown-Greenbushes,Western Australia,30.662100456621,Tier 5 — Lower Relative,Mixed / Moderate Opportunity,2.73972602739726,37.26027397260274,51.986301369863014,662.0,11.390227116311081,-7.0,-1.046337817638266,5931.0,,Selective investigation; prioritise based on local context and strategic fit.
298,27350,Yarra,Victoria,30.63926940639269,Tier 5 — Lower Relative,Mixed / Moderate Opportunity,64.10958904109589,1.36986301369863,26.43835616438356,6130.0,6.134785132403275,-174.0,-2.760152284263959,101356.0,,Selective investigation; prioritise based on local context and strategic fit.
299,63810,Latrobe (Tas.),Tasmania,30.570776255707756,Tier 5 — Lower Relative,Mixed / Moderate Opportunity,21.91780821917808,16.164383561643834,53.630136986301366,1354.0,10.29814420444174,-8.0,-0.5873715124816447,13264.0,,Selective investigation; prioritise based on local context and strategic fit.
300,11520,Canada Bay,New South Wales,30.41095890410959,Tier 5 — Lower Relative,Mixed / Moderate Opportunity,72.32876712328768,10.41095890410959,8.493150684931507,8933.0,9.67225007308596,-722.0,-7.477990678404972,93006.0,,Selective investigation; prioritise based on local context and strategic fit.
301,53150,East Fremantle,Western Australia,30.365296803652967,Tier 5 — Lower Relative,Mixed / Moderate Opportunity,11.78082191780822,52.87671232876713,26.43835616438356,1008.0,11.99428843407901,-72.0,-6.666666666666667,8426.0,,Selective investigation; prioritise based on local context and strategic fit.
302,15700,Nambucca Valley,New South Wales,30.15981735159817,Tier 5 — Lower Relative,Mixed / Moderate Opportunity,35.61643835616438,23.013698630136986,31.84931506849315,2260.0,10.736342042755345,-78.0,-3.3361847733105217,21237.0,,Selective investigation; prioritise based on local context and strategic fit.
303,36630,South Burnett,Queensland,30.091324200913245,Tier 5 — Lower Relative,Mixed / Moderate Opportunity,50.95890410958904,31.780821917808222,7.534246575342466,3879.0,11.184153619929072,-403.0,-9.41148995796357,35111.0,,Selective investigation; prioritise based on local context and strategic fit.
304,57080,Perth,Western Australia,29.863013698630137,Tier 5 — Lower Relative,Rapid Growth Market,12.602739726027398,0.273972602739726,76.7123287671233,1027.0,2.9383154039826045,70.0,7.314524555903866,35673.0,,Monitor and expand entry pathways; assess whether current cricket supply is keeping pace.
305,16550,Randwick,New South Wales,29.817351598173513,Tier 5 — Lower Relative,Large Established / Slower-Growth Market,79.45205479452055,5.7534246575342465,4.2465753424657535,13183.0,9.108559268164608,-1365.0,-9.382733021721199,146484.0,,"Focus on retention, conversion and utilisation rather than pure acquisition."
306,14170,Inner West,New South Wales,29.543378995433788,Tier 5 — Lower Relative,Large Established / Slower-Growth Market,83.56164383561644,3.0136986301369864,2.054794520547945,16581.0,8.673295915218153,-1963.0,-10.585634167385678,193125.0,,"Focus on retention, conversion and utilisation rather than pure acquisition."
307,15350,Mosman,New South Wales,29.178082191780824,Tier 5 — Lower Relative,Mixed / Moderate Opportunity,44.657534246575345,31.232876712328768,11.643835616438356,3265.0,11.149433137549515,-286.0,-8.05406927626021,29374.0,,Selective investigation; prioritise based on local context and strategic fit.
308,60810,Central Coast (Tas.),Tasmania,29.1324200913242,Tier 5 — Lower Relative,Mixed / Moderate Opportunity,39.178082191780824,26.575342465753426,21.643835616438356,2559.0,10.971061093247588,-143.0,-5.292376017764619,23378.0,,Selective investigation; prioritise based on local context and strategic fit.
309,42600,Holdfast Bay,South Australia,28.858447488584474,Tier 5 — Lower Relative,Mixed / Moderate Opportunity,48.21917808219178,4.10958904109589,34.24657534246575,3526.0,8.960382201214708,-88.0,-2.4349750968456,39683.0,,Selective investigation; prioritise based on local context and strategic fit.
310,47630,Tatiara,South Australia,28.789954337899545,Tier 5 — Lower Relative,Mixed / Moderate Opportunity,7.9452054794520555,52.32876712328767,26.095890410958905,851.0,11.989292758523527,-66.0,-7.197382769901854,7088.0,,Selective investigation; prioritise based on local context and strategic fit.
311,26430,Strathbogie,Victoria,28.401826484018265,Tier 5 — Lower Relative,Mixed / Moderate Opportunity,15.616438356164384,8.493150684931507,61.09589041095891,1100.0,9.405728943993159,10.0,0.9174311926605505,11839.0,,Selective investigation; prioritise based on local context and strategic fit.
312,47800,Coorong,South Australia,28.173515981735157,Tier 5 — Lower Relative,Mixed / Moderate Opportunity,1.643835616438356,35.342465753424655,47.534246575342465,638.0,11.326113971240902,-13.0,-1.9969278033794162,5627.0,,Selective investigation; prioritise based on local context and strategic fit.
313,48830,Yorke Peninsula,South Australia,28.036529680365295,Tier 5 — Lower Relative,Mixed / Moderate Opportunity,16.164383561643834,6.575342465753424,61.369863013698634,1125.0,9.250883973357455,11.0,0.9874326750448833,12242.0,,Selective investigation; prioritise based on local context and strategic fit.
314,62610,Glenorchy,Tasmania,27.990867579908674,Tier 5 — Lower Relative,Mixed / Moderate Opportunity,59.45205479452055,19.17808219178082,5.342465753424658,5336.0,10.527354153925069,-581.0,-9.819165117458171,50450.0,,Selective investigation; prioritise based on local context and strategic fit.
315,32810,Douglas,Queensland,27.968036529680365,Tier 5 — Lower Relative,Mixed / Moderate Opportunity,20.82191780821918,13.698630136986301,49.38356164383562,1320.0,10.124252185918085,-19.0,-1.4189693801344287,13169.0,,Selective investigation; prioritise based on local context and strategic fit.
316,14920,Liverpool Plains,New South Wales,27.85388127853881,Tier 5 — Lower Relative,Mixed / Moderate Opportunity,9.863013698630137,52.602739726027394,21.095890410958905,921.0,11.993749186091938,-82.0,-8.175473579262214,7671.0,,Selective investigation; prioritise based on local context and strategic fit.
317,31900,Burdekin,Queensland,27.71689497716895,Tier 5 — Lower Relative,Mixed / Moderate Opportunity,31.506849315068493,34.24657534246575,17.397260273972602,1933.0,11.281662192132602,-153.0,-7.334611697027804,17220.0,,Selective investigation; prioritise based on local context and strategic fit.
318,25430,Mount Alexander,Victoria,27.42009132420091,Tier 5 — Lower Relative,Mixed / Moderate Opportunity,32.87671232876712,11.232876712328768,38.150684931506845,2010.0,9.70217695612299,-58.0,-2.804642166344294,20939.0,,Selective investigation; prioritise based on local context and strategic fit.
319,15950,North Sydney,New South Wales,27.168949771689498,Tier 5 — Lower Relative,Mixed / Moderate Opportunity,58.9041095890411,2.4657534246575343,20.136986301369863,5211.0,7.129566288137912,-231.0,-4.244762954796031,73705.0,,Selective investigation; prioritise based on local context and strategic fit.
320,25810,Northern Grampians,Victoria,27.03196347031963,Tier 5 — Lower Relative,Mixed / Moderate Opportunity,18.08219178082192,14.520547945205479,48.49315068493151,1196.0,10.201296485841011,-20.0,-1.644736842105263,11804.0,,Selective investigation; prioritise based on local context and strategic fit.
321,12160,Cootamundra-Gundagai,New South Wales,26.91780821917808,Tier 5 — Lower Relative,Mixed / Moderate Opportunity,20.82191780821918,40.54794520547945,19.383561643835616,1320.0,11.526370939573875,-109.0,-7.6277116864940515,11429.0,,Selective investigation; prioritise based on local context and strategic fit.
322,60210,Break O'Day,Tasmania,26.826484018264843,Tier 5 — Lower Relative,Mixed / Moderate Opportunity,2.191780821917808,5.47945205479452,72.8082191780822,650.0,9.095997760985167,33.0,5.348460291734198,7230.0,,Selective investigation; prioritise based on local context and strategic fit.
323,44210,Mid Murray,South Australia,26.826484018264836,Tier 5 — Lower Relative,Mixed / Moderate Opportunity,9.58904109589041,8.21917808219178,62.671232876712324,902.0,9.395833333333334,12.0,1.348314606741573,9674.0,,Selective investigation; prioritise based on local context and strategic fit.
324,53570,Gingin,Western Australia,26.78082191780822,Tier 5 — Lower Relative,Mixed / Moderate Opportunity,1.36986301369863,9.315068493150685,69.65753424657535,607.0,9.538026398491514,24.0,4.1166380789022305,6585.0,,Selective investigation; prioritise based on local context and strategic fit.
325,18500,Woollahra,New South Wales,26.666666666666668,Tier 5 — Lower Relative,Mixed / Moderate Opportunity,60.54794520547945,11.506849315068493,7.945205479452055,5369.0,9.726096880547805,-499.0,-8.503749147920928,55218.0,,Selective investigation; prioritise based on local context and strategic fit.
326,22250,Gannawarra,Victoria,26.55251141552511,Tier 5 — Lower Relative,Mixed / Moderate Opportunity,16.986301369863014,26.027397260273972,36.64383561643835,1133.0,10.959566647320566,-48.0,-4.064352243861134,10311.0,,Selective investigation; prioritise based on local context and strategic fit.
327,48750,Yankalilla,South Australia,26.484018264840177,Tier 5 — Lower Relative,Mixed / Moderate Opportunity,1.095890410958904,9.04109589041096,69.31506849315068,591.0,9.51537594590243,23.0,4.049295774647888,6299.0,,Selective investigation; prioritise based on local context and strategic fit.
328,55180,Manjimup,Western Australia,26.05022831050228,Tier 5 — Lower Relative,Mixed / Moderate Opportunity,14.520547945205479,32.054794520547944,31.575342465753426,1069.0,11.21015100671141,-59.0,-5.2304964539007095,9621.0,,Selective investigation; prioritise based on local context and strategic fit.
329,25620,Murrindindi,Victoria,25.913242009132418,Tier 5 — Lower Relative,Mixed / Moderate Opportunity,25.47945205479452,13.424657534246576,38.83561643835616,1558.0,10.019292604501608,-48.0,-2.9887920298879203,15648.0,,Selective investigation; prioritise based on local context and strategic fit.
330,18050,Waverley,New South Wales,25.890410958904113,Tier 5 — Lower Relative,Mixed / Moderate Opportunity,66.3013698630137,6.301369863013699,5.068493150684931,6662.0,9.13340919373192,-694.0,-9.43447525829255,73345.0,,Selective investigation; prioritise based on local context and strategic fit.
331,62810,Hobart,Tasmania,25.662100456621,Tier 5 — Lower Relative,Mixed / Moderate Opportunity,57.80821917808219,4.383561643835616,14.794520547945204,5029.0,8.980838259192456,-330.0,-6.157865273371898,55859.0,,Selective investigation; prioritise based on local context and strategic fit.
332,25900,Port Phillip,Victoria,25.388127853881276,Tier 5 — Lower Relative,Mixed / Moderate Opportunity,67.53424657534246,1.643835616438356,6.986301369863014,7437.0,6.62574391504223,-689.0,-8.478956436130938,114434.0,,Selective investigation; prioritise based on local context and strategic fit.
333,26350,Stonnington,Victoria,24.520547945205475,Tier 5 — Lower Relative,Mixed / Moderate Opportunity,69.58904109589041,1.9178082191780823,2.054794520547945,7987.0,7.045695130557515,-1055.0,-11.667772616677727,114789.0,,Selective investigation; prioritise based on local context and strategic fit.
334,14870,Lithgow,New South Wales,24.06392694063927,Tier 5 — Lower Relative,Mixed / Moderate Opportunity,35.89041095890411,25.47945205479452,10.82191780821918,2268.0,10.910665319670947,-227.0,-9.098196392785571,20693.0,,Selective investigation; prioritise based on local context and strategic fit.
335,33800,Hinchinbrook,Queensland,23.81278538812785,Tier 5 — Lower Relative,Mixed / Moderate Opportunity,17.80821917808219,19.45205479452055,34.17808219178082,1172.0,10.530098831985626,-56.0,-4.5602605863192185,11194.0,,Selective investigation; prioritise based on local context and strategic fit.
336,65010,Southern Midlands,Tasmania,23.173515981735157,Tier 5 — Lower Relative,Mixed / Moderate Opportunity,5.47945205479452,25.753424657534246,38.28767123287671,761.0,10.944915863655975,-33.0,-4.156171284634761,6987.0,,Selective investigation; prioritise based on local context and strategic fit.
337,21830,Corangamite,Victoria,22.922374429223744,Tier 5 — Lower Relative,Mixed / Moderate Opportunity,29.315068493150687,33.42465753424658,6.027397260273972,1774.0,11.257059458087442,-295.0,-14.258095698405027,15712.0,,Selective investigation; prioritise based on local context and strategic fit.
338,12870,Federation,New South Wales,22.64840182648402,Tier 5 — Lower Relative,Mixed / Moderate Opportunity,23.013698630136986,19.726027397260275,25.205479452054796,1387.0,10.53951367781155,-90.0,-6.093432633716994,13247.0,,Selective investigation; prioritise based on local context and strategic fit.
339,41140,Clare and Gilbert Valleys,South Australia,22.168949771689494,Tier 5 — Lower Relative,Mixed / Moderate Opportunity,13.972602739726028,32.32876712328767,20.205479452054796,1060.0,11.221681134871904,-94.0,-8.145580589254767,9467.0,,Selective investigation; prioritise based on local context and strategic fit.
340,12730,Edward River,New South Wales,21.87214611872146,Tier 5 — Lower Relative,Mixed / Moderate Opportunity,11.506849315068493,35.89041095890411,18.21917808219178,963.0,11.34008478568064,-98.0,-9.236569274269558,8501.0,,Selective investigation; prioritise based on local context and strategic fit.
341,46670,Renmark Paringa,South Australia,21.82648401826484,Tier 5 — Lower Relative,Mixed / Moderate Opportunity,15.068493150684931,21.91780821917808,28.493150684931507,1092.0,10.692254969156958,-68.0,-5.862068965517241,10274.0,,Selective investigation; prioritise based on local context and strategic fit.
342,52170,Cottesloe,Western Australia,21.598173515981735,Tier 5 — Lower Relative,Mixed / Moderate Opportunity,11.232876712328768,20.0,33.56164383561644,953.0,10.564238997893803,-50.0,-4.985044865403789,9201.0,,Selective investigation; prioritise based on local context and strategic fit.
343,23940,Loddon,Victoria,21.050228310502284,Tier 5 — Lower Relative,Mixed / Moderate Opportunity,7.397260273972603,18.904109589041095,36.849315068493155,809.0,10.477917368216552,-37.0,-4.373522458628842,7718.0,,Selective investigation; prioritise based on local context and strategic fit.
344,18020,Warrumbungle,New South Wales,20.593607305936075,Tier 5 — Lower Relative,Mixed / Moderate Opportunity,13.424657534246576,36.16438356164384,12.191780821917808,1052.0,11.342318059299192,-134.0,-11.298482293423271,9246.0,,Selective investigation; prioritise based on local context and strategic fit.
345,11300,Burwood,New South Wales,20.54794520547945,Tier 5 — Lower Relative,Mixed / Moderate Opportunity,44.109589041095894,2.191780821917808,15.342465753424657,3065.0,7.0700313711016785,-226.0,-6.867213612883622,43927.0,,Selective investigation; prioritise based on local context and strategic fit.
346,48340,Wattle Range,South Australia,20.410958904109588,Tier 5 — Lower Relative,Mixed / Moderate Opportunity,22.19178082191781,26.301369863013697,12.73972602739726,1356.0,10.96466402522843,-150.0,-9.9601593625498,12378.0,,Selective investigation; prioritise based on local context and strategic fit.
347,21670,Central Goldfields,Victoria,20.296803652968038,Tier 5 — Lower Relative,Mixed / Moderate Opportunity,23.28767123287671,13.972602739726028,23.63013698630137,1389.0,10.152024557813185,-94.0,-6.33850303438975,13753.0,,Selective investigation; prioritise based on local context and strategic fit.
348,14300,Junee,New South Wales,19.84018264840183,Tier 5 — Lower Relative,Mixed / Moderate Opportunity,4.10958904109589,23.56164383561644,31.849315068493155,695.0,10.765179677819082,-47.0,-6.334231805929918,6403.0,,Selective investigation; prioritise based on local context and strategic fit.
349,62210,George Town,Tasmania,18.630136986301366,Tier 5 — Lower Relative,Mixed / Moderate Opportunity,6.575342465753424,21.643835616438356,27.671232876712327,787.0,10.68277453508891,-60.0,-7.083825265643448,7420.0,,Selective investigation; prioritise based on local context and strategic fit.
350,53220,East Pilbara,Western Australia,18.493150684931507,Tier 5 — Lower Relative,Mixed / Moderate Opportunity,12.054794520547945,9.863013698630137,33.56164383561644,1016.0,9.653206650831354,-53.0,-4.9579045837231055,10663.0,,Selective investigation; prioritise based on local context and strategic fit.
351,42250,Grant,South Australia,18.356164383561644,Tier 5 — Lower Relative,Mixed / Moderate Opportunity,12.32876712328767,29.863013698630137,12.876712328767123,1020.0,11.128082042330352,-129.0,-11.22715404699739,9223.0,,Selective investigation; prioritise based on local context and strategic fit.
352,20110,Alpine,Victoria,18.2648401826484,Tier 5 — Lower Relative,Mixed / Moderate Opportunity,22.73972602739726,16.986301369863014,15.068493150684933,1366.0,10.41555470834922,-136.0,-9.054593874833555,13236.0,,Selective investigation; prioritise based on local context and strategic fit.
353,10650,Berrigan,New South Wales,18.24200913242009,Tier 5 — Lower Relative,Mixed / Moderate Opportunity,10.41095890410959,24.10958904109589,20.205479452054796,939.0,10.773290500229463,-87.0,-8.47953216374269,8773.0,,Selective investigation; prioritise based on local context and strategic fit.
354,21010,Benalla,Victoria,17.168949771689498,Tier 5 — Lower Relative,Mixed / Moderate Opportunity,23.56164383561644,9.58904109589041,18.356164383561644,1395.0,9.58631115997801,-117.0,-7.738095238095238,14581.0,,Selective investigation; prioritise based on local context and strategic fit.
355,35760,North Burnett,Queensland,16.986301369863014,Tier 5 — Lower Relative,Mixed / Moderate Opportunity,15.342465753424658,18.08219178082192,17.534246575342465,1093.0,10.460331132165757,-108.0,-8.992506244796003,10562.0,,Selective investigation; prioritise based on local context and strategic fit.
356,61810,Dorset,Tasmania,16.872146118721464,Tier 5 — Lower Relative,Mixed / Moderate Opportunity,5.7534246575342465,24.93150684931507,19.93150684931507,762.0,10.876391664287754,-78.0,-9.285714285714286,7059.0,,Selective investigation; prioritise based on local context and strategic fit.
357,22910,Hepburn,Victoria,15.136986301369863,Tier 5 — Lower Relative,Mixed / Moderate Opportunity,25.753424657534246,7.671232876712329,11.986301369863014,1567.0,9.317952072307783,-167.0,-9.630911188004614,17011.0,,Selective investigation; prioritise based on local context and strategic fit.
358,63210,Kentish,Tasmania,14.771689497716896,Tier 5 — Lower Relative,Mixed / Moderate Opportunity,4.383561643835616,15.890410958904111,24.041095890410958,704.0,10.286382232612509,-64.0,-8.333333333333332,6866.0,,Selective investigation; prioritise based on local context and strategic fit.
359,40520,Berri Barmera,South Australia,14.337899543378995,Tier 5 — Lower Relative,Mixed / Moderate Opportunity,16.575342465753426,18.63013698630137,7.808219178082192,1128.0,10.470620996936786,-208.0,-15.568862275449103,10758.0,,Selective investigation; prioritise based on local context and strategic fit.
360,22980,Hindmarsh,Victoria,13.63013698630137,Tier 5 — Lower Relative,Mixed / Moderate Opportunity,0.273972602739726,12.876712328767123,27.73972602739726,540.0,9.930121368150054,-48.0,-8.16326530612245,5447.0,,Selective investigation; prioritise based on local context and strategic fit.
361,13010,Glen Innes Severn,New South Wales,13.561643835616438,Tier 5 — Lower Relative,Mixed / Moderate Opportunity,10.136986301369863,15.616438356164384,14.931506849315069,925.0,10.272071071626874,-108.0,-10.454985479186835,9069.0,,Selective investigation; prioritise based on local context and strategic fit.
362,17400,Tenterfield,New South Wales,10.182648401826484,Tier 5 — Lower Relative,Mixed / Moderate Opportunity,3.0136986301369864,8.767123287671232,18.767123287671232,674.0,9.46629213483146,-77.0,-10.252996005326231,7188.0,,Selective investigation; prioritise based on local context and strategic fit.
363,40070,Adelaide,South Australia,10.159817351598173,Tier 5 — Lower Relative,Mixed / Moderate Opportunity,8.493150684931507,0.547945205479452,21.438356164383563,869.0,2.9713465089242974,-78.0,-8.236536430834214,30173.0,,Selective investigation; prioritise based on local context and strategic fit.
364,27630,Yarriambiack,Victoria,9.680365296803654,Tier 5 — Lower Relative,Mixed / Moderate Opportunity,1.9178082191780823,14.794520547945206,12.32876712328767,645.0,10.22025035652036,-124.0,-16.124837451235372,6295.0,,Selective investigation; prioritise based on local context and strategic fit.
365,21270,Buloke,Victoria,5.93607305936073,Tier 5 — Lower Relative,Mixed / Moderate Opportunity,0.547945205479452,7.123287671232877,10.136986301369863,549.0,9.272082418510387,-155.0,-22.017045454545457,5887.0,,Selective investigation; prioritise based on local context and strategic fit.
