LGA_CODE,LGA_NAME,STATE,TOTAL_POP_2020,TOTAL_POP_2024,TOTAL_POP_2025,POP_CHANGE_1Y,POP_GROWTH_1Y_PCT,POP_CHANGE_5Y,POP_GROWTH_5Y_PCT,IS_UNINCORPORATED,AGE_5_9_2024,AGE_10_14_2024,AGE_5_14_2024,AGE_5_14_SHARE_TOTAL_PCT,AGE_5_14_2019,AGE_5_14_CHANGE_5Y,AGE_5_14_GROWTH_5Y_PCT,GIRLS_5_14_2024,GIRLS_SHARE_OF_5_14_PCT,GIRLS_5_14_2019,GIRLS_5_14_CHANGE_5Y,GIRLS_5_14_GROWTH_5Y_PCT,LGA_NAME_2021,IRSD_SCORE_2021,IRSD_DECILE_2021,IRSAD_SCORE_2021,IRSAD_DECILE_2021,IER_SCORE_2021,IER_DECILE_2021,IEO_SCORE_2021,IEO_DECILE_2021,AGE_DATA_AVAILABLE,SEIFA_DATA_AVAILABLE,CULTURAL_DATA_AVAILABLE,CRICKET_SUPPLY_DATA_AVAILABLE
10050,Albury,New South Wales,55466,58768,59538,770,1.3102368635992376,4072,7.341434392240291,0,3795,3666,7461,12.695684726381703,6800,661,9.720588235294118,3573,47.88902291917974,3326,247,7.426337943475645,Albury,968,5,950,5,962,4,954,6,1,1,0,0
10180,Armidale,New South Wales,29600,29686,29652,-34,-0.11453210267466146,52,0.17567567567567569,0,1623,1847,3470,11.689011655325743,3812,-342,-8.971668415529905,1694,48.81844380403459,1942,-248,-12.770339855818744,Armidale Regional,980,6,976,7,955,3,1010,9,1,1,0,0
10250,Ballina,New South Wales,45663,48135,48603,468,0.9722655032720474,2940,6.438473162078708,0,2498,2858,5356,11.127038537446763,5271,85,1.6125972301271108,2479,46.28454070201643,2500,-21,-0.84,Ballina,1015,8,996,8,1011,8,991,8,1,1,0,0
10300,Balranald,New South Wales,2257,2256,2244,-12,-0.5319148936170213,-13,-0.5759858218874613,0,136,156,292,12.943262411347517,316,-24,-7.59493670886076,145,49.65753424657534,149,-4,-2.684563758389262,Balranald,960,4,934,4,970,4,915,3,1,1,0,0
10470,Bathurst,New South Wales,43444,44999,45359,360,0.8000177781728482,1915,4.407973483104686,0,2762,2906,5668,12.595835463010289,5795,-127,-2.1915444348576356,2711,47.82992237120677,2815,-104,-3.6944937833037303,Bathurst Regional,991,7,967,7,999,7,959,7,1,1,0,0
10500,Bayside (NSW),New South Wales,176184,186061,187770,1709,0.918515970568792,11586,6.576079553194387,0,8495,8031,16526,8.882033311655855,17091,-565,-3.305833479609151,8063,48.7897857920852,8300,-237,-2.855421686746988,Bayside (NSW),1004,7,1044,9,966,4,1051,9,1,1,0,0
10550,Bega Valley,New South Wales,35428,36700,36921,221,0.6021798365122616,1493,4.214180873885063,0,1838,2068,3906,10.643051771117166,3909,-3,-0.07674597083653108,1871,47.900665642601126,1873,-2,-0.10678056593699946,Bega Valley,986,6,949,5,987,6,946,6,1,1,0,0
10600,Bellingen,New South Wales,13152,13312,13348,36,0.2704326923076923,196,1.4902676399026764,0,644,929,1573,11.81640625,1688,-115,-6.812796208530806,759,48.25174825174825,822,-63,-7.664233576642336,Bellingen,981,6,960,6,983,6,985,8,1,1,0,0
10650,Berrigan,New South Wales,8653,8716,8773,57,0.6539697108765489,120,1.3868022651103662,0,404,535,939,10.773290500229463,1026,-87,-8.47953216374269,478,50.905218317358894,506,-28,-5.533596837944664,Berrigan,966,5,927,4,974,5,913,3,1,1,0,0
10750,Blacktown,New South Wales,391911,439552,449385,9833,2.237050451368666,57474,14.665064262039085,0,33506,32518,66024,15.02074839836925,56453,9571,16.953926274954387,32468,49.17605719132437,27320,5148,18.843338213762813,Blacktown,987,6,1006,8,1020,9,993,8,1,1,0,0
10800,Bland,New South Wales,5649,5465,5455,-10,-0.18298261665141813,-194,-3.434236147990795,0,351,366,717,13.11985361390668,780,-63,-8.076923076923077,351,48.95397489539749,388,-37,-9.536082474226804,Bland,993,7,958,6,1001,7,939,5,1,1,0,0
10850,Blayney,New South Wales,7484,7768,7831,63,0.8110195674562307,347,4.636557990379477,0,531,577,1108,14.263645726055612,1088,20,1.8382352941176472,534,48.194945848375454,531,3,0.5649717514124294,Blayney,991,6,962,6,1020,9,942,5,1,1,0,0
10900,Blue Mountains,New South Wales,79031,78847,79236,389,0.493360559057415,205,0.2593918841973403,0,4565,5030,9595,12.169137697058861,10095,-500,-4.952947003467063,4718,49.17144346013549,4930,-212,-4.300202839756592,Blue Mountains,1048,9,1042,9,1039,9,1063,9,1,1,0,0
10950,Bogan,New South Wales,2514,2406,2373,-33,-1.3715710723192018,-141,-5.608591885441527,0,159,163,322,13.383208645054031,324,-2,-0.6172839506172839,159,49.378881987577635,168,-9,-5.357142857142857,Bogan,966,5,948,5,989,6,936,5,1,1,0,0
11150,Bourke,New South Wales,2483,2366,2310,-56,-2.366863905325444,-173,-6.967378171566653,0,145,193,338,14.285714285714285,356,-18,-5.056179775280898,161,47.633136094674555,183,-22,-12.021857923497267,Bourke,947,3,954,6,947,3,980,8,1,1,0,0
11200,Brewarrina,New South Wales,1525,1401,1396,-5,-0.35688793718772305,-129,-8.459016393442623,0,83,103,186,13.276231263383298,241,-55,-22.821576763485478,89,47.8494623655914,112,-23,-20.535714285714285,Brewarrina,818,1,866,1,789,1,917,4,1,1,0,0
11250,Broken Hill,New South Wales,17718,17599,17515,-84,-0.47729984658219216,-203,-1.1457275087481658,0,1017,1039,2056,11.682481959202228,2041,15,0.7349338559529642,1010,49.12451361867704,1005,5,0.4975124378109453,Broken Hill,913,2,892,2,919,2,887,2,1,1,0,0
11300,Burwood,New South Wales,40670,43352,43927,575,1.3263517254105923,3257,8.008359970494222,0,1420,1645,3065,7.0700313711016785,3291,-226,-6.867213612883622,1615,52.69168026101142,1662,-47,-2.8279181708784598,Burwood,977,5,1050,9,926,2,1082,10,1,1,0,0
11350,Byron,New South Wales,35715,38087,38784,697,1.8300207419854542,3069,8.593028139437212,0,2112,2097,4209,11.051014781946595,4015,194,4.831880448318804,2104,49.98812069375148,1984,120,6.048387096774194,Byron,1021,8,1027,9,1009,8,1052,9,1,1,0,0
11400,Cabonne,New South Wales,13814,13917,13915,-2,-0.014370913271538407,101,0.7311423193861301,0,893,1076,1969,14.148164115829562,2069,-100,-4.833252779120348,927,47.07973590655155,1025,-98,-9.560975609756097,Cabonne,1023,8,995,8,1044,10,975,8,1,1,0,0
11450,Camden,New South Wales,112451,141258,146483,5225,3.6989055487122857,34032,30.263848253906144,0,12179,10659,22838,16.167579889280606,16389,6449,39.34956373177131,11222,49.13740257465628,8060,3162,39.23076923076923,Camden,1045,9,1050,9,1098,10,1002,8,1,1,0,0
11500,Campbelltown (NSW),New South Wales,175725,188545,191285,2740,1.4532339759739055,15560,8.854744629392517,0,14192,13298,27490,14.580073722453527,24622,2868,11.648119567866136,13402,48.752273554019645,12001,1401,11.674027164402967,Campbelltown (NSW),947,3,952,5,981,5,949,6,1,1,0,0
11520,Canada Bay,New South Wales,91833,92357,93006,649,0.7027079701592732,1173,1.2773186109568455,0,4293,4640,8933,9.67225007308596,9655,-722,-7.477990678404972,4447,49.78170827269674,4793,-346,-7.218860838723137,Canada Bay,1067,10,1116,10,1021,9,1123,10,1,1,0,0
11570,Canterbury-Bankstown,New South Wales,376638,385655,389687,4032,1.0454940296378887,13049,3.464599960704974,0,24306,24096,48402,12.550595739715547,49567,-1165,-2.350354066213408,23404,48.35337382752779,23872,-468,-1.9604557640750668,Canterbury-Bankstown,917,2,966,7,949,3,996,8,1,1,0,0
11600,Carrathool,New South Wales,2892,2772,2803,31,1.1183261183261184,-89,-3.0774550484094054,0,197,171,368,13.275613275613276,369,-1,-0.27100271002710025,197,53.53260869565217,175,22,12.571428571428573,Carrathool,973,5,953,6,980,5,941,5,1,1,0,0
11650,Central Coast (NSW),New South Wales,347734,355354,357816,2462,0.6928302481469183,10082,2.8993426009536023,0,21150,21746,42896,12.071342942530547,43411,-515,-1.1863352606482227,20679,48.20729205520328,21062,-383,-1.8184407938467384,Central Coast (NSW),994,7,978,7,1005,8,967,7,1,1,0,0
11700,Central Darling,New South Wales,1774,1776,1773,-3,-0.16891891891891891,-1,-0.05636978579481398,0,91,133,224,12.612612612612612,218,6,2.7522935779816518,99,44.19642857142857,104,-5,-4.807692307692308,Central Darling,827,1,869,1,853,1,929,5,1,1,0,0
11720,Cessnock,New South Wales,62431,69432,71443,2011,2.8963590275377347,9012,14.435136390575195,0,4732,4440,9172,13.210047240465492,8286,886,10.692734733285059,4386,47.81945050152638,4034,352,8.72583044124938,Cessnock,939,3,908,3,984,6,876,1,1,1,0,0
11730,Clarence Valley,New South Wales,52893,56216,56874,658,1.1704852710971965,3981,7.526515796041064,0,3008,3259,6267,11.148071723352782,6148,119,1.9355888093689007,3039,48.492101483963616,2953,86,2.9122925838130715,Clarence Valley,940,3,910,3,963,4,901,3,1,1,0,0
11750,Cobar,New South Wales,4213,4015,4019,4,0.099626400996264,-194,-4.604794683123665,0,268,290,558,13.897882938978828,581,-23,-3.9586919104991396,283,50.7168458781362,302,-19,-6.291390728476822,Cobar,965,5,937,4,977,5,904,3,1,1,0,0
11800,Coffs Harbour,New South Wales,78409,81529,82109,580,0.711403304345693,3700,4.718846050836001,0,4761,5421,10182,12.488807663530768,9954,228,2.2905364677516573,4994,49.04733844038499,4894,100,2.043318348998774,Coffs Harbour,972,5,954,6,982,6,953,6,1,1,0,0
12000,Coolamon,New South Wales,4404,4636,4742,106,2.286453839516825,338,7.674841053587647,0,304,348,652,14.063848144952546,616,36,5.844155844155844,322,49.38650306748466,292,30,10.273972602739725,Coolamon,983,6,951,5,1006,8,941,5,1,1,0,0
12150,Coonamble,New South Wales,3871,3878,3889,11,0.28365136668385765,18,0.4649961250322914,0,303,253,556,14.337287261474987,528,28,5.303030303030303,247,44.42446043165468,243,4,1.646090534979424,Coonamble,883,1,893,2,922,2,919,4,1,1,0,0
12160,Cootamundra-Gundagai,New South Wales,11393,11452,11429,-23,-0.2008382815228781,36,0.3159834986395155,0,636,684,1320,11.526370939573875,1429,-109,-7.6277116864940515,596,45.151515151515156,678,-82,-12.094395280235988,Cootamundra-Gundagai Regional,953,4,926,3,965,4,918,4,1,1,0,0
12350,Cowra,New South Wales,12748,12718,12721,3,0.023588614562038056,-27,-0.21179792908691558,0,717,769,1486,11.684227079729517,1535,-49,-3.1921824104234524,747,50.26917900403769,760,-13,-1.710526315789474,Cowra,932,3,908,2,950,3,908,3,1,1,0,0
12380,Cumberland,New South Wales,240841,252839,256906,4067,1.6085334936461544,16065,6.670375891148102,0,15751,14892,30643,12.119570161248857,30734,-91,-0.29608902193011,14861,48.4972098032177,14987,-126,-0.8407286314806165,Cumberland,904,2,961,6,931,2,995,8,1,1,0,0
12390,Dubbo,New South Wales,55010,57049,57384,335,0.5872144998159478,2374,4.315578985638975,0,3964,3904,7868,13.791652789707094,7616,252,3.308823529411765,3860,49.05948144382308,3652,208,5.695509309967141,Dubbo Regional,985,6,958,6,988,6,944,6,1,1,0,0
12700,Dungog,New South Wales,9450,9911,10102,191,1.9271516496821715,652,6.8994708994708995,0,624,675,1299,13.106649177681366,1216,83,6.825657894736842,610,46.95919938414165,577,33,5.719237435008666,Dungog,1009,8,974,7,1040,9,945,6,1,1,0,0
12730,Edward River,New South Wales,8547,8492,8501,9,0.10598210080075365,-46,-0.5382005382005381,0,432,531,963,11.34008478568064,1061,-98,-9.236569274269558,418,43.40602284527518,499,-81,-16.23246492985972,Edward River,966,5,939,4,971,4,935,5,1,1,0,0
12750,Eurobodalla,New South Wales,39917,41123,41309,186,0.45230163169029497,1392,3.487236014730566,0,1889,2089,3978,9.673418768085986,4039,-61,-1.5102748205001237,1896,47.66214177978884,1974,-78,-3.951367781155015,Eurobodalla,985,6,946,5,983,6,941,5,1,1,0,0
12850,Fairfield,New South Wales,212148,212482,213677,1195,0.5624005798138195,1529,0.7207232686615005,0,11622,13477,25099,11.81229468849126,27962,-2863,-10.238895644088405,12158,48.44017689947807,13521,-1363,-10.080615339102138,Fairfield,814,1,885,2,937,2,919,4,1,1,0,0
12870,Federation,New South Wales,12726,13160,13247,87,0.6610942249240122,521,4.093980826654095,0,623,764,1387,10.53951367781155,1477,-90,-6.093432633716994,677,48.810382119682764,723,-46,-6.36237897648686,Federation,969,5,925,3,976,5,897,2,1,1,0,0
12900,Forbes,New South Wales,9502,9322,9301,-21,-0.22527354644925981,-201,-2.1153441380761944,0,601,683,1284,13.773868268611885,1343,-59,-4.393149664929263,650,50.62305295950156,658,-8,-1.21580547112462,Forbes,969,5,941,5,977,5,938,5,1,1,0,0
12930,Georges River,New South Wales,155919,161742,163919,2177,1.3459707435298192,8000,5.130869233384001,0,7666,8474,16140,9.97885521385911,17098,-958,-5.602994502280969,7838,48.56257744733581,8293,-455,-5.486554925841071,Georges River,1011,8,1048,9,999,7,1060,9,1,1,0,0
12950,Gilgandra,New South Wales,4327,4305,4304,-1,-0.023228803716608595,-23,-0.5315461058470071,0,219,315,534,12.40418118466899,590,-56,-9.491525423728813,260,48.68913857677903,293,-33,-11.262798634812286,Gilgandra,930,3,913,3,955,3,923,4,1,1,0,0
13010,Glen Innes Severn,New South Wales,8946,9005,9069,64,0.7107162687395892,123,1.374916163648558,0,436,489,925,10.272071071626874,1033,-108,-10.454985479186835,461,49.83783783783784,500,-39,-7.8,Glen Innes Severn,906,2,891,2,929,2,907,3,1,1,0,0
13310,Goulburn Mulwaree,New South Wales,31934,33305,33746,441,1.3241255066806785,1812,5.6742030437777915,0,1904,2036,3940,11.830055547215133,3975,-35,-0.8805031446540881,1897,48.14720812182741,1885,12,0.636604774535809,Goulburn Mulwaree,972,5,945,5,985,6,926,4,1,1,0,0
13340,Greater Hume,New South Wales,10931,11660,11742,82,0.7032590051457976,811,7.419266306833776,0,764,853,1617,13.867924528301886,1631,-14,-0.8583690987124464,777,48.05194805194805,776,1,0.12886597938144329,Greater Hume Shire,999,7,964,6,1018,9,956,6,1,1,0,0
13450,Griffith,New South Wales,27249,27432,27458,26,0.094779819189268,209,0.7670006238761056,0,1650,1737,3387,12.34689413823272,3615,-228,-6.3070539419087135,1667,49.21759669323885,1764,-97,-5.498866213151928,Griffith,974,5,950,5,985,6,920,4,1,1,0,0
13550,Gunnedah,New South Wales,13024,13414,13502,88,0.6560310123751305,478,3.6701474201474205,0,1020,1021,2041,15.215446548382285,1899,142,7.477619799894682,961,47.084762371386574,934,27,2.890792291220557,Gunnedah,967,5,940,4,989,6,909,3,1,1,0,0
13660,Gwydir,New South Wales,5019,4919,4968,49,0.9961374263061598,-51,-1.0161386730424387,0,288,359,647,13.153079894287456,667,-20,-2.998500749625187,287,44.35857805255023,316,-29,-9.177215189873419,Gwydir,957,4,936,4,978,5,947,6,1,1,0,0
13800,Hawkesbury,New South Wales,67578,68639,69299,660,0.96155247017002,1721,2.546686791559383,0,4262,4358,8620,12.55845801949329,8956,-336,-3.7516748548459136,4140,48.027842227378194,4330,-190,-4.387990762124711,Hawkesbury,1026,8,1008,9,1056,10,969,7,1,1,0,0
13850,Hay,New South Wales,2910,2867,2899,32,1.1161492849668644,-11,-0.37800687285223367,0,153,140,293,10.219741890477852,323,-30,-9.287925696594428,156,53.242320819112635,159,-3,-1.8867924528301887,Hay,956,4,926,3,950,3,903,3,1,1,0,0
13910,Hilltops,New South Wales,19205,19393,19347,-46,-0.2371989893260455,142,0.7393907836500911,0,1186,1377,2563,13.216108905275098,2596,-33,-1.2711864406779663,1231,48.02965275068279,1275,-44,-3.4509803921568625,Hilltops,954,4,929,4,974,5,927,4,1,1,0,0
14000,Hornsby,New South Wales,154037,154866,155484,618,0.3990546666150091,1447,0.9393846932879762,0,9806,11317,21123,13.639533532214948,21154,-31,-0.1465443887680817,10108,47.85305117644274,10222,-114,-1.1152416356877324,Hornsby,1082,10,1116,10,1082,10,1121,10,1,1,0,0
14100,Hunters Hill,New South Wales,14269,14047,13983,-64,-0.4556132982131416,-286,-2.004345083747985,0,728,1021,1749,12.45105716523101,1953,-204,-10.44546850998464,799,45.683247570040024,898,-99,-11.024498886414253,Hunters Hill,1101,10,1156,10,1088,10,1163,10,1,1,0,0
14170,Inner West,New South Wales,190035,191173,193125,1952,1.0210646900974512,3090,1.6260162601626018,0,8101,8480,16581,8.673295915218153,18544,-1963,-10.585634167385678,8138,49.080272601170016,9100,-962,-10.571428571428571,Inner West,1057,10,1118,10,993,7,1141,10,1,1,0,0
14220,Inverell,New South Wales,17985,18130,18152,22,0.12134583563154992,167,0.9285515707534057,0,1108,1280,2388,13.1715388858246,2462,-74,-3.0056864337936635,1192,49.916247906197654,1197,-5,-0.4177109440267335,Inverell,928,2,906,2,950,3,899,2,1,1,0,0
14300,Junee,New South Wales,6463,6456,6403,-53,-0.8209417596034696,-60,-0.9283614420547733,0,347,348,695,10.765179677819082,742,-47,-6.334231805929918,351,50.50359712230216,368,-17,-4.619565217391304,Junee,934,3,918,3,977,5,904,3,1,1,0,0
14350,Kempsey,New South Wales,30602,31818,31950,132,0.4148595134829342,1348,4.404940853538984,0,1726,1872,3598,11.3080646175121,3633,-35,-0.9633911368015413,1768,49.13841022790439,1827,-59,-3.2293377120963327,Kempsey,903,2,881,2,943,3,882,2,1,1,0,0
14400,Kiama,New South Wales,22873,23159,23139,-20,-0.08635951465952761,266,1.1629432081493463,0,1287,1321,2608,11.261280711602401,2663,-55,-2.0653398422831395,1215,46.58742331288344,1284,-69,-5.373831775700935,Kiama,1070,10,1061,9,1062,10,1058,9,1,1,0,0
14500,Ku-ring-gai,New South Wales,126438,128429,128542,113,0.08798635822127401,2104,1.6640566918173334,0,8276,10443,18719,14.575368491540072,18898,-179,-0.9471901788549052,9095,48.586997168652175,9116,-21,-0.23036419482229045,Ku-ring-gai,1108,10,1165,10,1117,10,1174,10,1,1,0,0
14550,Kyogle,New South Wales,9304,9633,9707,74,0.7681926710266791,403,4.331470335339639,0,483,608,1091,11.325651406623066,1116,-25,-2.240143369175627,537,49.220898258478464,567,-30,-5.291005291005291,Kyogle,921,2,906,2,950,3,929,4,1,1,0,0
14600,Lachlan,New South Wales,6223,6118,6118,0,0.0,-105,-1.687289088863892,0,400,480,880,14.383785550833606,938,-58,-6.183368869936034,438,49.77272727272727,449,-11,-2.4498886414253898,Lachlan,950,3,936,4,957,3,944,6,1,1,0,0
14650,Lake Macquarie,New South Wales,211954,222144,224540,2396,1.0785796600403341,12586,5.93808090434717,0,13559,14269,27828,12.527009507346587,26293,1535,5.838055756284943,13551,48.69555843035791,12776,775,6.066061365059486,Lake Macquarie,1004,7,981,7,1011,8,963,7,1,1,0,0
14700,Lane Cove,New South Wales,40067,42594,43094,500,1.1738742545898482,3027,7.554845633563781,0,2379,2384,4763,11.182326149222895,4739,24,0.5064359569529436,2295,48.18391769892925,2272,23,1.012323943661972,Lane Cove,1105,10,1162,10,1058,10,1180,10,1,1,0,0
14750,Leeton,New South Wales,11500,11502,11475,-27,-0.2347417840375587,-25,-0.21739130434782608,0,780,968,1748,15.197356981394542,1718,30,1.7462165308498252,861,49.25629290617849,868,-7,-0.8064516129032258,Leeton,949,3,922,3,979,5,896,2,1,1,0,0
14850,Lismore,New South Wales,44316,43750,43642,-108,-0.24685714285714286,-674,-1.5208953876703675,0,2310,2874,5184,11.849142857142857,5601,-417,-7.445099089448312,2522,48.6496913580247,2682,-160,-5.965697240865026,Lismore,966,5,945,5,970,4,959,7,1,1,0,0
14870,Lithgow,New South Wales,21063,20787,20693,-94,-0.45220570548900757,-370,-1.7566348573327637,0,1054,1214,2268,10.910665319670947,2495,-227,-9.098196392785571,1132,49.91181657848324,1219,-87,-7.136997538966367,Lithgow,935,3,912,3,960,3,889,2,1,1,0,0
14900,Liverpool,New South Wales,231268,255367,261231,5864,2.296302967885435,29963,12.955964508708512,0,18228,18747,36975,14.479161363841058,33875,3100,9.15129151291513,17757,48.02434077079107,16423,1334,8.122754673323996,Liverpool,931,3,968,7,999,7,976,8,1,1,0,0
14920,Liverpool Plains,New South Wales,7702,7679,7671,-8,-0.10418023180101575,-31,-0.40249285899766296,0,422,499,921,11.993749186091938,1003,-82,-8.175473579262214,417,45.27687296416938,481,-64,-13.305613305613306,Liverpool Plains,926,2,905,2,951,3,896,2,1,1,0,0
14950,Lockhart,New South Wales,3308,3488,3509,21,0.6020642201834863,201,6.076178960096735,0,256,243,499,14.30619266055046,458,41,8.951965065502183,243,48.69739478957916,247,-4,-1.6194331983805668,Lockhart,976,5,950,5,1002,7,961,7,1,1,0,0
15050,Maitland,New South Wales,87920,98232,100439,2207,2.2467220457691996,12519,14.239080982711554,0,6935,7011,13946,14.197003013274697,12465,1481,11.881267549137585,6835,49.01046895167073,6059,776,12.80739395939924,Maitland,988,6,963,6,1015,8,934,5,1,1,0,0
15240,Mid-Coast,New South Wales,95731,98750,99448,698,0.7068354430379747,3717,3.88275480251956,0,4679,5415,10094,10.221772151898733,10294,-200,-1.9428793471925394,4950,49.03903308896374,4996,-46,-0.9207365892714172,Mid-Coast,943,3,912,3,963,4,905,3,1,1,0,0
15270,Mid-Western,New South Wales,25589,26301,26472,171,0.6501653929508384,883,3.450701473289304,0,1767,1871,3638,13.832173681609063,3473,165,4.750935790382954,1715,47.1412864211105,1707,8,0.46865846514352666,Mid-Western Regional,979,5,949,5,1002,7,919,4,1,1,0,0
15300,Moree Plains,New South Wales,13047,12879,12845,-34,-0.26399565183632273,-202,-1.5482486395339925,0,843,916,1759,13.657892693532107,1851,-92,-4.970286331712588,832,47.299602046617395,907,-75,-8.26901874310915,Moree Plains,940,3,932,4,946,3,927,4,1,1,0,0
15350,Mosman,New South Wales,29543,29284,29374,90,0.3073350635159131,-169,-0.5720475239481434,0,1484,1781,3265,11.149433137549515,3551,-286,-8.05406927626021,1660,50.84226646248086,1752,-92,-5.251141552511415,Mosman,1110,10,1169,10,1065,10,1185,10,1,1,0,0
15520,Murray River,New South Wales,12572,13675,14030,355,2.5959780621572213,1458,11.597200127266943,0,751,854,1605,11.736745886654479,1494,111,7.429718875502007,813,50.654205607476634,738,75,10.16260162601626,Murray River,998,7,965,7,1007,8,940,5,1,1,0,0
15560,Murrumbidgee,New South Wales,3625,3687,3695,8,0.21697857336588014,70,1.9310344827586208,0,210,198,408,11.065907241659886,490,-82,-16.73469387755102,175,42.8921568627451,219,-44,-20.091324200913242,Murrumbidgee,983,6,951,5,988,6,937,5,1,1,0,0
15650,Muswellbrook,New South Wales,16539,16850,16859,9,0.05341246290801187,320,1.9348207267670354,0,1180,1240,2420,14.362017804154304,2485,-65,-2.61569416498994,1149,47.4793388429752,1166,-17,-1.4579759862778732,Muswellbrook,937,3,908,2,972,4,862,1,1,1,0,0
15700,Nambucca Valley,New South Wales,20290,21050,21237,187,0.8883610451306413,947,4.667323804829966,0,1084,1176,2260,10.736342042755345,2338,-78,-3.3361847733105217,1099,48.6283185840708,1145,-46,-4.017467248908297,Nambucca Valley,920,2,898,2,946,3,906,3,1,1,0,0
15750,Narrabri,New South Wales,12990,12842,12797,-45,-0.3504127083008877,-193,-1.4857582755966128,0,807,894,1701,13.245600373773556,1878,-177,-9.424920127795527,822,48.32451499118166,964,-142,-14.730290456431536,Narrabri,964,4,936,4,975,5,912,3,1,1,0,0
15800,Narrandera,New South Wales,5787,5740,5761,21,0.3658536585365854,-26,-0.4492828754104027,0,360,431,791,13.78048780487805,854,-63,-7.377049180327869,374,47.281921618204805,429,-55,-12.82051282051282,Narrandera,929,2,910,3,950,3,907,3,1,1,0,0
15850,Narromine,New South Wales,6521,6430,6420,-10,-0.15552099533437014,-101,-1.5488422021162398,0,410,483,893,13.888024883359254,1006,-113,-11.232604373757455,421,47.1444568868981,461,-40,-8.676789587852495,Narromine,958,4,934,4,980,5,929,5,1,1,0,0
15900,Newcastle,New South Wales,168242,176988,178935,1947,1.1000745813275477,10693,6.355725680864468,0,8966,9479,18445,10.421610504666983,18612,-167,-0.8972705781216419,8905,48.27866630523177,8941,-36,-0.4026395257801141,Newcastle,1012,8,1012,9,976,5,1023,9,1,1,0,0
15950,North Sydney,New South Wales,71430,73090,73705,615,0.8414283759748256,2275,3.1849363012739746,0,2616,2595,5211,7.129566288137912,5442,-231,-4.244762954796031,2536,48.666282863174054,2695,-159,-5.899814471243043,North Sydney,1096,10,1164,10,985,6,1193,10,1,1,0,0
15990,Northern Beaches,New South Wales,268164,271240,272656,1416,0.5220468957380917,4492,1.6750943452514135,0,15168,17747,32915,12.135009585606843,35811,-2896,-8.086900672977576,15970,48.518912349992405,17329,-1359,-7.8423452016850375,Northern Beaches,1089,10,1125,10,1087,10,1109,10,1,1,0,0
16100,Oberon,New South Wales,5540,5589,5595,6,0.10735373054213634,55,0.9927797833935018,0,299,361,660,11.808910359634996,656,4,0.6097560975609756,339,51.36363636363637,313,26,8.30670926517572,Oberon,978,5,948,5,1007,8,928,4,1,1,0,0
16150,Orange,New South Wales,43383,44728,44990,262,0.5857628331246647,1607,3.704215937118226,0,3138,3142,6280,14.040422106957609,6322,-42,-0.6643467257197089,3016,48.02547770700637,3025,-9,-0.2975206611570248,Orange,997,7,979,7,994,7,972,7,1,1,0,0
16200,Parkes,New South Wales,14646,14234,14175,-59,-0.4145004917802445,-471,-3.2158951249487915,0,944,1052,1996,14.022762399887592,2128,-132,-6.203007518796992,1008,50.50100200400801,1067,-59,-5.5295220243673855,Parkes,946,3,922,3,959,3,914,3,1,1,0,0
16260,Parramatta,New South Wales,260413,275406,279014,3608,1.310065866393615,18601,7.142884571814771,0,15789,15257,31046,11.272811776068787,29386,1660,5.648948478867489,15030,48.41203375636153,14281,749,5.24473076115118,Parramatta,1029,9,1070,10,983,6,1097,10,1,1,0,0
16350,Penrith,New South Wales,216922,228938,231701,2763,1.2068769710576663,14779,6.813048008039756,0,15606,15247,30853,13.476574443735858,29627,1226,4.138117257906639,14944,48.436132628917775,14380,564,3.9221140472879004,Penrith,991,6,981,8,1015,8,949,6,1,1,0,0
16380,Port Macquarie-Hastings,New South Wales,85499,91064,92432,1368,1.5022401827286305,6933,8.108866770371584,0,4710,5438,10148,11.143810946147765,10069,79,0.7845863541563214,4906,48.344501379582184,4909,-3,-0.06111224281931147,Port Macquarie-Hastings,985,6,958,6,991,6,954,6,1,1,0,0
16400,Port Stephens,New South Wales,74450,79048,80070,1022,1.292885335492359,5620,7.5486903962390866,0,4270,4728,8998,11.382957190567756,9218,-220,-2.386634844868735,4323,48.044009779951104,4446,-123,-2.766531713900135,Port Stephens,982,6,952,5,1004,8,928,4,1,1,0,0
16490,Queanbeyan-Palerang,New South Wales,62506,66609,67633,1024,1.5373297902685823,5127,8.202412568393434,0,4504,4205,8709,13.074809710399496,7805,904,11.582319026265214,4212,48.36376162590424,3764,448,11.902231668437832,Queanbeyan-Palerang Regional,1061,10,1062,9,1061,10,1046,9,1,1,0,0
16550,Randwick,New South Wales,142499,144732,146484,1752,1.2105132244424177,3985,2.7965108527077382,0,6322,6861,13183,9.108559268164608,14548,-1365,-9.382733021721199,6496,49.275582189183034,7078,-582,-8.22266176886126,Randwick,1059,10,1113,10,995,7,1122,10,1,1,0,0
16610,Richmond Valley,New South Wales,23593,23968,24044,76,0.31708945260347127,451,1.9115839443902851,0,1338,1670,3008,12.550066755674234,3154,-146,-4.629042485732404,1405,46.70877659574468,1571,-166,-10.566518141311267,Richmond Valley,924,2,892,2,961,4,871,1,1,1,0,0
16700,Ryde,New South Wales,130999,139226,141693,2467,1.7719391492968268,10694,8.163421094817517,0,7052,6711,13763,9.885366239064544,13465,298,2.213145191236539,6603,47.97645862094021,6439,164,2.5469793446187294,Ryde,1055,10,1099,10,1007,8,1120,10,1,1,0,0
16900,Shellharbour,New South Wales,74941,81669,83228,1559,1.9089250511209885,8287,11.058032318757423,0,5129,5383,10512,12.87146897843735,9743,769,7.89284614595094,5036,47.90715372907154,4716,320,6.785411365564037,Shellharbour,983,6,962,6,1014,8,928,4,1,1,0,0
16950,Shoalhaven,New South Wales,107246,110981,111755,774,0.6974166749263387,4509,4.2043526098875486,0,5804,6077,11881,10.705436065632856,11927,-46,-0.38567955059948017,5752,48.41343321269254,5790,-38,-0.6563039723661486,Shoalhaven,980,6,949,5,992,7,939,5,1,1,0,0
17000,Singleton,New South Wales,24503,25678,25841,163,0.6347846405483294,1338,5.460555850304044,0,1707,1860,3567,13.891268790404238,3538,29,0.819672131147541,1728,48.44407064760303,1716,12,0.6993006993006993,Singleton,998,7,965,7,1032,9,906,3,1,1,0,0
17040,Snowy Monaro,New South Wales,21437,22305,22396,91,0.4079802734812822,959,4.473573727667118,0,1132,1336,2468,11.064783680789061,2576,-108,-4.192546583850932,1168,47.3257698541329,1192,-24,-2.013422818791946,Snowy Monaro Regional,1020,8,991,8,1006,8,973,7,1,1,0,0
17080,Snowy Valleys,New South Wales,14889,15049,15058,9,0.059804638181939,169,1.135066156222715,0,895,1005,1900,12.625423616187122,1900,0,0.0,961,50.578947368421055,919,42,4.570184983677911,Snowy Valleys,952,4,923,3,976,5,908,3,1,1,0,0
17100,Strathfield,New South Wales,46417,48537,49203,666,1.3721490821435194,2786,6.002111295430553,0,2091,2165,4256,8.76856830871294,4348,-92,-2.1159153633854646,2077,48.80169172932331,2130,-53,-2.488262910798122,Strathfield,1011,8,1066,10,961,4,1098,10,1,1,0,0
17150,Sutherland,New South Wales,230379,238812,241327,2515,1.0531296584761236,10948,4.752169251537683,0,14171,14953,29124,12.195367066981559,29393,-269,-0.9151838873201102,13919,47.792198873781075,14148,-229,-1.618603336160588,Sutherland Shire,1079,10,1090,10,1078,10,1064,9,1,1,0,0
17200,Sydney,New South Wales,227250,237557,241797,4240,1.7848347975433265,14547,6.401320132013201,0,4710,4078,8788,3.6993226888704607,8857,-69,-0.7790448233036017,4265,48.53208921256258,4374,-109,-2.4919981710105166,Sydney,1031,9,1126,10,887,2,1158,10,1,1,0,0
17310,Tamworth,New South Wales,63405,66055,66403,348,0.5268336991900688,2998,4.728333727624005,0,4384,4633,9017,13.650745590795548,9024,-7,-0.07757092198581561,4284,47.51025840079849,4323,-39,-0.9021512838306732,Tamworth Regional,961,4,937,4,976,5,923,4,1,1,0,0
17350,Temora,New South Wales,6077,6060,6050,-10,-0.16501650165016502,-27,-0.4442981734408425,0,362,396,758,12.50825082508251,815,-57,-6.993865030674846,372,49.07651715039577,396,-24,-6.0606060606060606,Temora,972,5,939,4,980,5,924,4,1,1,0,0
17400,Tenterfield,New South Wales,6779,7120,7188,68,0.9550561797752809,409,6.033338250479422,0,323,351,674,9.46629213483146,751,-77,-10.252996005326231,353,52.37388724035609,378,-25,-6.613756613756613,Tenterfield,920,2,903,2,935,2,925,4,1,1,0,0
17420,The Hills,New South Wales,186622,215823,222675,6852,3.1748238139586604,36053,19.318729838925744,0,15470,16943,32413,15.018325201669889,27419,4994,18.213647470731974,15627,48.21213710548237,13251,2376,17.930722209644557,The Hills Shire,1098,10,1136,10,1132,10,1112,10,1,1,0,0
17550,Tweed,New South Wales,96857,100328,101044,716,0.713659197831114,4187,4.322867732843264,0,5580,6144,11724,11.685670999122877,11470,254,2.214472537053182,5653,48.21733196861139,5504,149,2.707122093023256,Tweed,989,6,967,7,995,7,960,7,1,1,0,0
17620,Upper Hunter,New South Wales,14296,14423,14425,2,0.013866740622616653,129,0.9023503077783995,0,856,939,1795,12.445399708798446,2029,-234,-11.53277476589453,858,47.799442896935936,972,-114,-11.728395061728394,Upper Hunter Shire,975,5,943,5,999,7,912,3,1,1,0,0
17640,Upper Lachlan,New South Wales,8378,8915,9005,90,1.0095344924284912,627,7.483886369061829,0,520,548,1068,11.979809310151431,958,110,11.482254697286013,483,45.2247191011236,462,21,4.545454545454546,Upper Lachlan Shire,1022,8,995,8,1038,9,988,8,1,1,0,0
17650,Uralla,New South Wales,6056,6118,6179,61,0.9970578620464203,123,2.031043593130779,0,342,429,771,12.602157567832625,835,-64,-7.664670658682635,361,46.82230869001297,424,-63,-14.858490566037736,Uralla,990,6,963,6,1002,7,977,8,1,1,0,0
17750,Wagga Wagga,New South Wales,67277,69106,69108,2,0.0028941047087083613,1831,2.7215838994009838,0,4634,4550,9184,13.289728822388794,9061,123,1.3574660633484164,4423,48.159843205574916,4439,-16,-0.3604415408875873,Wagga Wagga,989,6,971,7,988,6,970,7,1,1,0,0
17850,Walcha,New South Wales,3057,2997,2989,-8,-0.26693360026693363,-68,-2.2244030094864247,0,180,154,334,11.144477811144478,359,-25,-6.963788300835655,173,51.796407185628745,173,0,0.0,Walcha,992,7,970,7,999,7,978,8,1,1,0,0
17900,Walgett,New South Wales,5701,5517,5437,-80,-1.4500634402755121,-264,-4.6307665321873355,0,383,357,740,13.413086822548486,762,-22,-2.8871391076115485,368,49.72972972972973,379,-11,-2.9023746701846966,Walgett,888,2,896,2,899,2,928,4,1,1,0,0
17950,Warren,New South Wales,2634,2589,2606,17,0.656624179219776,-28,-1.0630220197418374,0,191,169,360,13.904982618771728,347,13,3.7463976945244957,164,45.55555555555556,187,-23,-12.299465240641712,Warren,962,4,952,5,973,5,955,6,1,1,0,0
18020,Warrumbungle,New South Wales,9358,9275,9246,-29,-0.31266846361185985,-112,-1.1968369309681557,0,495,557,1052,11.342318059299192,1186,-134,-11.298482293423271,506,48.09885931558935,589,-83,-14.091680814940577,Warrumbungle Shire,927,2,914,3,952,3,929,5,1,1,0,0
18050,Waverley,New South Wales,71880,72941,73345,404,0.5538723077555833,1465,2.038119087367835,0,3165,3497,6662,9.13340919373192,7356,-694,-9.43447525829255,3284,49.29450615430802,3629,-345,-9.50675117112152,Waverley,1092,10,1163,10,1009,8,1170,10,1,1,0,0
18100,Weddin,New South Wales,3619,3600,3558,-42,-1.1666666666666667,-61,-1.6855484940591323,0,185,204,389,10.805555555555555,431,-42,-9.744779582366588,213,54.75578406169666,198,15,7.575757575757576,Weddin,961,4,942,5,978,5,951,6,1,1,0,0
18200,Wentworth,New South Wales,7389,7902,7982,80,1.0124019235636548,593,8.025443226417647,0,541,496,1037,13.123259934193875,935,102,10.909090909090908,506,48.79459980713597,433,73,16.859122401847575,Wentworth,974,5,949,5,989,6,941,5,1,1,0,0
18250,Willoughby,New South Wales,78566,79711,80520,809,1.0149163854424108,1954,2.4870809255912225,0,4737,5301,10038,12.592992184265658,10594,-556,-5.24825372852558,4956,49.37238493723849,5210,-254,-4.8752399232245685,Willoughby,1075,10,1142,10,1034,9,1162,10,1,1,0,0
18350,Wingecarribee,New South Wales,52018,53510,53840,330,0.6167071575406466,1822,3.502633703717944,0,2874,3320,6194,11.575406466081105,6300,-106,-1.6825396825396828,3015,48.676138198256375,3092,-77,-2.4902975420439843,Wingecarribee,1045,9,1031,9,1055,10,1020,9,1,1,0,0
18400,Wollondilly,New South Wales,53618,59759,62080,2321,3.883933800766412,8462,15.782013502928121,0,4339,4355,8694,14.54843621881223,7970,724,9.084065244667503,4168,47.941108810674024,3852,316,8.203530633437175,Wollondilly,1041,9,1020,9,1093,10,960,7,1,1,0,0
18450,Wollongong,New South Wales,215063,222204,224327,2123,0.9554283451243002,9264,4.307574989654194,0,12474,12956,25430,11.444438443952404,25880,-450,-1.7387944358578051,12296,48.35233975619347,12605,-309,-2.4514081713605713,Wollongong,1000,7,1000,8,993,7,999,8,1,1,0,0
18500,Woollahra,New South Wales,55951,55202,55218,16,0.02898445708488823,-733,-1.3100748869546568,0,2480,2889,5369,9.726096880547805,5868,-499,-8.503749147920928,2650,49.35742223877817,2956,-306,-10.351826792963465,Woollahra,1110,10,1176,10,1043,10,1193,10,1,1,0,0
18710,Yass Valley,New South Wales,17092,17555,17663,108,0.6152093420677869,571,3.3407442078165226,0,1103,1288,2391,13.620051267445172,2494,-103,-4.1299117882919,1174,49.10079464659138,1196,-22,-1.839464882943144,Yass Valley,1065,10,1062,10,1094,10,1047,9,1,1,0,0
19399,Unincorporated NSW,New South Wales,1055,987,975,-12,-1.21580547112462,-80,-7.5829383886255926,1,52,81,133,13.47517730496454,128,5,3.90625,70,52.63157894736842,55,15,27.27272727272727,Unincorporated NSW,1046,9,1025,9,1034,9,1000,8,1,1,0,0
20110,Alpine,Victoria,13054,13115,13236,121,0.9226077011056042,182,1.3942086716715183,0,618,748,1366,10.41555470834922,1502,-136,-9.054593874833555,645,47.218155197657396,728,-83,-11.401098901098901,Alpine,1028,9,989,8,1006,8,993,8,1,1,0,0
20260,Ararat,Victoria,11918,11625,11732,107,0.9204301075268817,-186,-1.5606645410303743,0,636,609,1245,10.70967741935484,1243,2,0.16090104585679807,594,47.71084337349398,611,-17,-2.7823240589198037,Ararat,955,4,932,4,964,4,934,5,1,1,0,0
20570,Ballarat,Victoria,111645,120559,122661,2102,1.7435446544845263,11016,9.866989117291416,0,7578,7878,15456,12.820278867608389,14220,1236,8.691983122362869,7520,48.65424430641822,6900,620,8.985507246376812,Ballarat,986,6,965,7,971,4,978,8,1,1,0,0
20660,Banyule,Victoria,130294,131460,132770,1310,0.9965008367564279,2476,1.900317742950558,0,7712,7992,15704,11.945839038490796,15692,12,0.07647208768799389,7754,49.37595517065716,7647,107,1.3992415326271739,Banyule,1058,10,1064,10,1030,9,1079,10,1,1,0,0
20740,Bass Coast,Victoria,38950,43468,44377,909,2.0911935216711144,5427,13.933247753530168,0,2218,2330,4548,10.462869237139966,4101,447,10.899780541331383,2228,48.98856640281443,2006,222,11.06679960119641,Bass Coast,993,7,957,6,992,7,962,7,1,1,0,0
20830,Baw Baw,Victoria,55753,61793,62784,991,1.6037415241208552,7031,12.61098057503632,0,3826,3888,7714,12.483614648908452,7077,637,9.000989119683481,3735,48.41845994296085,3446,289,8.386535113174695,Baw Baw,1003,7,971,7,1020,9,960,7,1,1,0,0
20910,Bayside (Vic.),Victoria,105018,105833,107164,1331,1.2576417563519884,2146,2.043459216515264,0,5830,7154,12984,12.268385097275896,14030,-1046,-7.455452601568069,6361,48.99106592729513,6978,-617,-8.8420750931499,Bayside (Vic.),1090,10,1127,10,1075,10,1137,10,1,1,0,0
21010,Benalla,Victoria,14382,14552,14581,29,0.19928532160527762,199,1.3836740369906828,0,660,735,1395,9.58631115997801,1512,-117,-7.738095238095238,709,50.82437275985663,718,-9,-1.2534818941504178,Benalla,968,5,938,4,973,5,942,6,1,1,0,0
21110,Boroondara,Victoria,177875,177345,178601,1256,0.7082240830020581,726,0.4081517919887562,0,8748,10992,19740,11.13084665482534,21988,-2248,-10.223758413680189,9581,48.535967578520776,10696,-1115,-10.424457741211668,Boroondara,1090,10,1131,10,1054,10,1153,10,1,1,0,0
21180,Brimbank,Victoria,204213,197498,198181,683,0.34582628684847444,-6032,-2.9537786526812693,0,10829,11077,21906,11.091757891219151,24185,-2279,-9.42319619598925,10495,47.909248607687395,11700,-1205,-10.299145299145298,Brimbank,912,2,928,4,961,4,940,5,1,1,0,0
21270,Buloke,Victoria,6156,5921,5887,-34,-0.5742273264651241,-269,-4.369720597790773,0,259,290,549,9.272082418510387,704,-155,-22.017045454545457,252,45.90163934426229,324,-72,-22.22222222222222,Buloke,975,5,946,5,966,4,958,7,1,1,0,0
21370,Campaspe,Victoria,38379,37984,37954,-30,-0.07898062342038753,-425,-1.1073764298183904,0,2013,2365,4378,11.525905644481888,4774,-396,-8.294930875576037,2134,48.743718592964825,2307,-173,-7.498916341569137,Campaspe,965,4,932,4,980,5,921,4,1,1,0,0
21450,Cardinia,Victoria,116505,130091,133472,3381,2.598949965793176,16967,14.56332346251234,0,9871,9365,19236,14.786572476189743,16695,2541,15.220125786163521,9466,49.20981493033894,8137,1329,16.33280078653066,Cardinia,1021,8,993,8,1044,10,975,8,1,1,0,0
21610,Casey,Victoria,363970,404208,414929,10721,2.6523473063373313,50959,14.00087919334011,0,30890,29463,60353,14.931174049004472,52428,7925,15.115968566414892,29468,48.82607326893444,25600,3868,15.109375,Casey,995,7,986,8,1038,9,978,8,1,1,0,0
21670,Central Goldfields,Victoria,13304,13682,13753,71,0.5189299809969303,449,3.3749248346361997,0,611,778,1389,10.152024557813185,1483,-94,-6.33850303438975,661,47.58819294456443,698,-37,-5.300859598853868,Central Goldfields,898,2,867,1,921,2,871,1,1,1,0,0
21750,Colac Otway,Victoria,22274,22208,22209,1,0.0045028818443804035,-65,-0.29182005926191973,0,1238,1304,2542,11.446325648414986,2590,-48,-1.8532818532818531,1214,47.75767112509835,1225,-11,-0.8979591836734694,Colac Otway,973,5,938,4,984,6,925,4,1,1,0,0
21830,Corangamite,Victoria,16108,15759,15712,-47,-0.2982422742559807,-396,-2.4584057611124908,0,800,974,1774,11.257059458087442,2069,-295,-14.258095698405027,852,48.02705749718152,976,-124,-12.704918032786885,Corangamite,985,6,955,6,998,7,948,6,1,1,0,0
21890,Darebin,Victoria,157056,159249,162496,3247,2.038945299499526,5440,3.463732681336593,0,7377,7164,14541,9.130983554056854,15674,-1133,-7.228531325762409,7160,49.24007977443092,7590,-430,-5.665349143610013,Darebin,1018,8,1044,9,969,4,1075,9,1,1,0,0
22110,East Gippsland,Victoria,47874,49183,49669,486,0.9881463107171177,1795,3.749425575468939,0,2513,2625,5138,10.44669906268426,5160,-22,-0.4263565891472868,2529,49.22148695990658,2568,-39,-1.5186915887850467,East Gippsland,963,4,931,4,970,4,932,5,1,1,0,0
22170,Frankston,Victoria,142191,144291,145369,1078,0.7471013438121574,3178,2.2350219071530546,0,8690,8636,17326,12.007678926613579,17608,-282,-1.6015447523852793,8359,48.24541152025857,8554,-195,-2.2796352583586628,Frankston,1003,7,982,8,1003,7,981,8,1,1,0,0
22250,Gannawarra,Victoria,10575,10338,10311,-27,-0.261172373766686,-264,-2.49645390070922,0,541,592,1133,10.959566647320566,1181,-48,-4.064352243861134,566,49.9558693733451,564,2,0.3546099290780142,Gannawarra,952,4,919,3,964,4,912,3,1,1,0,0
22310,Glen Eira,Victoria,154656,160534,163025,2491,1.551696213886155,8369,5.411364576867371,0,8848,9679,18527,11.540857388465994,19270,-743,-3.8557343020238712,9148,49.37658552383009,9442,-294,-3.1137470874814657,Glen Eira,1075,10,1103,10,1027,9,1122,10,1,1,0,0
22410,Glenelg,Victoria,20055,19908,19908,0,0.0,-147,-0.7329842931937173,0,972,1165,2137,10.73437813944143,2192,-55,-2.509124087591241,1058,49.508656995788485,1066,-8,-0.7504690431519699,Glenelg,952,4,919,3,970,4,911,3,1,1,0,0
22490,Golden Plains,Victoria,24366,26217,26620,403,1.5371705382004042,2254,9.250595091520971,0,1938,2038,3976,15.165732158523095,3848,128,3.3264033264033266,1902,47.83702213279678,1824,78,4.276315789473684,Golden Plains,1040,9,997,8,1076,10,965,7,1,1,0,0
22620,Greater Bendigo,Victoria,119958,125293,126568,1275,1.0176147111171414,6610,5.510261925007086,0,7671,8054,15725,12.550581437111411,15337,388,2.529829823303123,7614,48.41971383147854,7380,234,3.1707317073170733,Greater Bendigo,985,6,959,6,984,6,964,7,1,1,0,0
22670,Greater Dandenong,Victoria,165648,166747,168684,1937,1.1616400894768721,3036,1.832802086351782,0,9535,9043,18578,11.141429830821544,18578,0,0.0,9036,48.63817418451932,9004,32,0.3553976010661928,Greater Dandenong,887,2,918,3,943,2,943,6,1,1,0,0
22750,Greater Geelong,Victoria,266036,288676,295052,6376,2.2087045684435145,29016,10.906794569156055,0,16767,16991,33758,11.694079175269161,31134,2624,8.428085051711955,16489,48.84471828899816,15172,1317,8.680464012654891,Greater Geelong,1007,8,990,8,997,7,993,8,1,1,0,0
22830,Greater Shepparton,Victoria,68474,69444,69865,421,0.6062438799608317,1391,2.031427987265239,0,4376,4649,9025,12.996083174932318,9096,-71,-0.7805628847845206,4403,48.78670360110803,4339,64,1.4749942383037566,Greater Shepparton,944,3,931,4,965,4,941,5,1,1,0,0
22910,Hepburn,Victoria,16339,16817,17011,194,1.153594576916216,672,4.112858804088377,0,723,844,1567,9.317952072307783,1734,-167,-9.630911188004614,750,47.86215698787492,863,-113,-13.093858632676708,Hepburn,1006,8,984,8,1001,7,1008,9,1,1,0,0
22980,Hindmarsh,Victoria,5668,5438,5447,9,0.16550202280250093,-221,-3.89908256880734,0,263,277,540,9.930121368150054,588,-48,-8.16326530612245,275,50.92592592592593,290,-15,-5.172413793103448,Hindmarsh,940,3,923,3,959,3,932,5,1,1,0,0
23110,Hobsons Bay,Victoria,95193,95324,97031,1707,1.7907347572489616,1838,1.9308142405428972,0,5858,5601,11459,12.021106961520708,11529,-70,-0.607164541590771,5661,49.40221659830701,5754,-93,-1.616266944734098,Hobsons Bay,1021,8,1034,9,1003,7,1043,9,1,1,0,0
23190,Horsham,Victoria,20385,20267,20252,-15,-0.07401194059308235,-133,-0.6524405199901889,0,1293,1238,2531,12.488281442739428,2591,-60,-2.3157082207641837,1184,46.779928881864876,1238,-54,-4.361873990306947,Horsham,990,6,959,6,974,5,955,6,1,1,0,0
23270,Hume,Victoria,243643,270763,278885,8122,2.9996712992543295,35242,14.464606001403693,0,20657,19421,40078,14.801874702230364,34105,5973,17.513561061427943,19480,48.60521982134837,16526,2954,17.87486385090161,Hume,941,3,949,5,1004,8,958,7,1,1,0,0
23350,Indigo,Victoria,17115,17618,17758,140,0.794641843569077,643,3.7569383581653524,0,1012,1102,2114,11.999091837893063,2192,-78,-3.5583941605839415,1041,49.24314096499527,1096,-55,-5.018248175182482,Indigo,1029,9,996,8,1031,9,993,8,1,1,0,0
23430,Kingston (Vic.),Victoria,163196,166071,168061,1990,1.1982826622348273,4865,2.981077967597245,0,9344,9574,18918,11.391513268421338,19272,-354,-1.8368617683686177,9256,48.92694788032561,9299,-43,-0.4624153134745672,Kingston (Vic.),1044,9,1048,9,1026,9,1051,9,1,1,0,0
23670,Knox,Victoria,163242,162956,163820,864,0.5302044723729105,578,0.3540755442839465,0,9159,9590,18749,11.505559783008911,19192,-443,-2.308253438932889,9049,48.26390740839511,9189,-140,-1.5235607791925128,Knox,1042,9,1029,9,1041,10,1021,9,1,1,0,0
23810,Latrobe (Vic.),Victoria,76714,78474,79112,638,0.8130081300813009,2398,3.1258961858330943,0,4551,4886,9437,12.02563906516808,9328,109,1.16852487135506,4607,48.81848044929533,4529,78,1.7222344888496357,Latrobe (Vic.),931,3,907,2,942,2,899,2,1,1,0,0
23940,Loddon,Victoria,7657,7721,7718,-3,-0.03885507058671157,61,0.7966566540420531,0,373,436,809,10.477917368216552,846,-37,-4.373522458628842,389,48.084054388133495,434,-45,-10.368663594470046,Loddon,948,3,925,3,966,4,942,5,1,1,0,0
24130,Macedon Ranges,Victoria,50894,53585,54464,879,1.6403844359428945,3570,7.0145793217275125,0,3654,3880,7534,14.059904824111225,7212,322,4.464780920687743,3649,48.43376692328113,3513,136,3.871335041275263,Macedon Ranges,1063,10,1047,9,1077,10,1039,9,1,1,0,0
24210,Manningham,Victoria,127987,131363,132912,1549,1.1791752624407177,4925,3.8480470672802705,0,7383,8151,15534,11.825247596355139,14689,845,5.752603989379808,7578,48.783314020857475,7096,482,6.792559188275085,Manningham,1056,10,1075,10,1059,10,1080,10,1,1,0,0
24250,Mansfield,Victoria,9792,10770,10979,209,1.9405756731662025,1187,12.122140522875817,0,557,794,1351,12.544103992571959,1272,79,6.210691823899371,673,49.81495188749075,631,42,6.656101426307448,Mansfield,1028,9,989,8,1023,9,982,8,1,1,0,0
24330,Maribyrnong,Victoria,89418,93723,94672,949,1.0125582834523008,5254,5.87577445257107,0,4362,4115,8477,9.0447382179401,8623,-146,-1.6931462368085353,4041,47.67016633242893,4129,-88,-2.131266650520707,Maribyrnong,1010,8,1045,9,963,4,1076,9,1,1,0,0
24410,Maroondah,Victoria,118295,119072,120247,1175,0.986797903789304,1952,1.6501120081153051,0,7275,7218,14493,12.17162725073905,14459,34,0.23514765889757244,7044,48.602773752846204,7032,12,0.17064846416382254,Maroondah,1041,9,1035,9,1030,9,1042,9,1,1,0,0
24600,Melbourne,Victoria,170589,187565,194481,6916,3.6872550849039003,23892,14.005592388723775,0,3114,2830,5944,3.16903473462533,6020,-76,-1.2624584717607974,2886,48.553162853297444,2896,-10,-0.3453038674033149,Melbourne,1017,8,1086,10,838,1,1150,10,1,1,0,0
24650,Melton,Victoria,173566,218894,231567,12673,5.789560243770957,58001,33.417259140615094,0,18376,17051,35427,16.18454594461246,26989,8438,31.264589277112897,17446,49.24492618624213,13432,4014,29.883859440142942,Melton,985,6,974,7,1031,9,962,7,1,1,0,0
24700,Merri-bek,Victoria,180030,185486,189108,3622,1.9527080210905408,9078,5.042492917847025,0,8872,8290,17162,9.252450319700678,17671,-509,-2.880425555995699,8456,49.271646661228296,8544,-88,-1.0299625468164793,Moreland (2021; corresponded to Merri-bek),1027,8,1049,9,969,4,1079,9,1,1,0,0
24780,Mildura,Victoria,57335,57134,57309,175,0.3062974761087969,-26,-0.04534751896747188,0,3463,3584,7047,12.334161795078238,7352,-305,-4.148531011969532,3456,49.042145593869726,3485,-29,-0.8321377331420373,Mildura,940,3,922,3,952,3,923,4,1,1,0,0
24850,Mitchell,Victoria,48073,56079,58459,2380,4.2440129103586015,10386,21.60464293886381,0,4074,3906,7980,14.229925640614132,6360,1620,25.471698113207548,3867,48.45864661654135,3059,808,26.41386073880353,Mitchell,1000,7,968,7,1030,9,945,6,1,1,0,0
24900,Moira,Victoria,30298,30641,30866,225,0.7343102379165172,568,1.8747112020595418,0,1631,1829,3460,11.292059658627329,3636,-176,-4.84048404840484,1663,48.063583815028906,1796,-133,-7.405345211581292,Moira,958,4,927,3,975,5,917,4,1,1,0,0
24970,Monash,Victoria,200791,208598,211833,3235,1.5508298257893172,11042,5.499250464413246,0,10385,11704,22089,10.589267394701771,21892,197,0.89987209939704,10494,47.50780931685454,10533,-39,-0.370264881800057,Monash,1042,9,1067,10,1016,8,1086,10,1,1,0,0
25060,Moonee Valley,Victoria,126786,129224,130501,1277,0.9882065251036959,3715,2.930134241951004,0,6659,6843,13502,10.448523494087786,13982,-480,-3.4329852667715635,6691,49.555621389423784,6776,-85,-1.254427390791027,Moonee Valley,1041,9,1060,9,1006,8,1069,9,1,1,0,0
25150,Moorabool,Victoria,36944,39709,40472,763,1.9214787579641894,3528,9.549588566478995,0,2590,2716,5306,13.362210078319775,5050,256,5.069306930693069,2578,48.58650584244252,2408,170,7.059800664451828,Moorabool,1017,8,987,8,1037,9,969,7,1,1,0,0
25340,Mornington Peninsula,Victoria,170186,170857,172217,1360,0.795987287614789,2031,1.193400162175502,0,9028,10177,19205,11.24039401370737,20263,-1058,-5.2213393870601585,9377,48.82582660765426,9881,-504,-5.1006983098876635,Mornington Peninsula,1038,9,1016,9,1038,9,1011,9,1,1,0,0
25430,Mount Alexander,Victoria,19939,20717,20939,222,1.0715837235120915,1000,5.015296654797131,0,954,1056,2010,9.70217695612299,2068,-58,-2.804642166344294,986,49.0547263681592,983,3,0.3051881993896236,Mount Alexander,1007,8,987,8,993,7,1027,9,1,1,0,0
25490,Moyne,Victoria,17091,17666,17760,94,0.532095550775501,669,3.9143408811655256,0,1067,1149,2216,12.543869579984152,2384,-168,-7.046979865771812,1088,49.09747292418773,1180,-92,-7.796610169491526,Moyne,1029,9,998,8,1037,9,996,8,1,1,0,0
25620,Murrindindi,Victoria,14872,15550,15648,98,0.6302250803858521,776,5.21785906401291,0,756,802,1558,10.019292604501608,1606,-48,-2.9887920298879203,687,44.094993581514764,739,-52,-7.036535859269283,Murrindindi,1005,7,971,7,1012,8,970,7,1,1,0,0
25710,Nillumbik,Victoria,64322,63528,63797,269,0.4234353356000504,-525,-0.8162059637449084,0,3847,4371,8218,12.936028208034253,8842,-624,-7.057226871748473,4034,49.08736918958384,4335,-301,-6.9434832756632066,Nillumbik,1093,10,1088,10,1111,10,1074,9,1,1,0,0
25810,Northern Grampians,Victoria,11805,11724,11804,80,0.6823609689525759,-1,-0.00847098686997035,0,573,623,1196,10.201296485841011,1216,-20,-1.644736842105263,567,47.408026755852845,576,-9,-1.5625,Northern Grampians,951,4,921,3,959,3,916,3,1,1,0,0
25900,Port Phillip,Victoria,110574,112244,114434,2190,1.9511065179430527,3860,3.4908748892144628,0,3667,3770,7437,6.62574391504223,8126,-689,-8.478956436130938,3649,49.0654833938416,4037,-388,-9.61109734951697,Port Phillip,1061,10,1106,10,954,3,1144,10,1,1,0,0
25990,Pyrenees,Victoria,7544,7926,7957,31,0.3911178400201868,413,5.474549310710499,0,381,436,817,10.307847590209438,790,27,3.4177215189873418,415,50.79559363525091,394,21,5.32994923857868,Pyrenees,959,4,929,4,982,5,934,5,1,1,0,0
26080,Queenscliffe,Victoria,3095,3283,3317,34,1.0356381358513556,222,7.172859450726979,0,111,110,221,6.73164788303381,219,2,0.91324200913242,130,58.82352941176471,110,20,18.181818181818183,Queenscliffe,1082,10,1067,10,1029,9,1089,10,1,1,0,0
26170,South Gippsland,Victoria,30272,30937,31109,172,0.555968581310405,837,2.764931289640592,0,1645,1863,3508,11.339173158354074,3698,-190,-5.137912385073013,1637,46.664766248574686,1795,-158,-8.802228412256268,South Gippsland,1003,7,966,7,1010,8,966,7,1,1,0,0
26260,Southern Grampians,Victoria,16506,16450,16483,33,0.2006079027355623,-23,-0.13934326911426148,0,929,972,1901,11.556231003039514,1971,-70,-3.5514967021816335,952,50.07890583903208,946,6,0.6342494714587738,Southern Grampians,994,7,962,6,986,6,964,7,1,1,0,0
26350,Stonnington,Victoria,112610,113360,114789,1429,1.2605857445306987,2179,1.9349968919278926,0,3848,4139,7987,7.045695130557515,9042,-1055,-11.667772616677727,3894,48.75422561662702,4525,-631,-13.94475138121547,Stonnington,1084,10,1130,10,992,7,1158,10,1,1,0,0
26430,Strathbogie,Victoria,11158,11695,11839,144,1.2312954253954682,681,6.1032443090159525,0,551,549,1100,9.405728943993159,1090,10,0.9174311926605505,545,49.54545454545455,530,15,2.8301886792452833,Strathbogie,982,6,954,6,985,6,965,7,1,1,0,0
26490,Surf Coast,Victoria,35827,39834,40265,431,1.0819902595772455,4438,12.38730566332654,0,2679,2683,5362,13.460862579705779,4668,694,14.867180805484148,2572,47.96717642670645,2210,362,16.380090497737555,Surf Coast,1086,10,1076,10,1076,10,1074,9,1,1,0,0
26610,Swan Hill,Victoria,21499,20931,20962,31,0.14810568056949022,-537,-2.497790594911391,0,1201,1347,2548,12.173331422292295,2732,-184,-6.734992679355783,1247,48.9403453689168,1357,-110,-8.106116433308769,Swan Hill,941,3,927,4,952,3,921,4,1,1,0,0
26670,Towong,Victoria,6170,6143,6158,15,0.24418036789842099,-12,-0.1944894651539708,0,322,369,691,11.248575614520592,677,14,2.06794682422452,329,47.61215629522431,338,-9,-2.6627218934911245,Towong,1001,7,968,7,1007,8,970,7,1,1,0,0
26700,Wangaratta,Victoria,29517,30038,30089,51,0.16978493907716893,572,1.9378663143273367,0,1732,1860,3592,11.958186297356683,3696,-104,-2.813852813852814,1798,50.055679287305125,1806,-8,-0.4429678848283499,Wangaratta,988,6,957,6,988,6,959,7,1,1,0,0
26730,Warrnambool,Victoria,35418,35898,36255,357,0.994484372388434,837,2.363205149923768,0,2033,2172,4205,11.713744498300741,4304,-99,-2.300185873605948,2013,47.871581450653984,2083,-70,-3.3605376860297644,Warrnambool,995,7,961,6,982,6,957,7,1,1,0,0
26810,Wellington,Victoria,45105,46277,46551,274,0.592086781770642,1446,3.2058530096441635,0,2623,2756,5379,11.623484668409793,5387,-8,-0.1485056617783553,2643,49.13552704963748,2616,27,1.0321100917431194,Wellington,973,5,943,5,985,6,937,5,1,1,0,0
26890,West Wimmera,Victoria,3994,3903,3915,12,0.3074558032282859,-79,-1.9779669504256383,0,204,219,423,10.837817063797079,461,-38,-8.24295010845987,221,52.24586288416076,225,-4,-1.7777777777777777,West Wimmera,991,6,971,7,1003,7,987,8,1,1,0,0
26980,Whitehorse,Victoria,176794,182809,185256,2447,1.3385555415761805,8462,4.786361528106157,0,9285,10183,19468,10.649366278465502,20207,-739,-3.6571485128915717,9549,49.04972262173824,9940,-391,-3.9336016096579476,Whitehorse,1043,9,1067,10,1011,8,1093,10,1,1,0,0
27070,Whittlesea,Victoria,231040,252438,259759,7321,2.9001180487882174,28719,12.430315096952908,0,18152,17035,35187,13.938868157725857,30872,4315,13.977066597564136,16965,48.21382897092676,14967,1998,13.349368610944076,Whittlesea,990,6,981,7,1018,8,980,8,1,1,0,0
27170,Wodonga,Victoria,42666,44203,44717,514,1.162817003370812,2051,4.807106361036891,0,2871,3112,5983,13.535280410831843,5880,103,1.751700680272109,3016,50.409493565101116,2841,175,6.159802886307638,Wodonga,973,5,947,5,981,5,948,6,1,1,0,0
27260,Wyndham,Victoria,287292,335320,347830,12510,3.730764642729333,60538,21.07194074321596,0,29746,26649,56395,16.818263151616367,43082,13313,30.901536604614456,27383,48.55572302509088,20853,6530,31.314439169424062,Wyndham,1006,8,1004,8,1026,9,1007,9,1,1,0,0
27350,Yarra,Victoria,96662,99922,101356,1434,1.4351193931266388,4694,4.856096501210403,0,3128,3002,6130,6.134785132403275,6304,-174,-2.760152284263959,3124,50.962479608482866,3203,-79,-2.466437714642523,Yarra,1046,9,1108,10,942,2,1149,10,1,1,0,0
27450,Yarra Ranges,Victoria,158876,159779,160906,1127,0.7053492636704448,2030,1.2777260253279288,0,10025,9962,19987,12.509153267951358,20348,-361,-1.7741301356398662,9535,47.706008905788764,9708,-173,-1.7820354346930367,Yarra Ranges,1041,9,1014,9,1054,10,1001,8,1,1,0,0
27630,Yarriambiack,Victoria,6641,6311,6295,-16,-0.2535255902392648,-346,-5.210058726095468,0,312,333,645,10.22025035652036,769,-124,-16.124837451235372,276,42.7906976744186,350,-74,-21.142857142857142,Yarriambiack,946,3,923,3,958,3,945,6,1,1,0,0
29399,Unincorporated Vic,Victoria,934,945,917,-28,-2.9629629629629632,-17,-1.8201284796573876,1,30,40,70,7.4074074074074066,84,-14,-16.666666666666664,48,68.57142857142857,47,1,2.127659574468085,Unincorporated Vic,1012,8,1022,9,917,2,1008,9,1,1,0,0
30250,Aurukun,Queensland,1196,1158,1165,7,0.6044905008635579,-31,-2.591973244147157,0,69,91,160,13.81692573402418,224,-64,-28.57142857142857,95,59.375,114,-19,-16.666666666666664,Aurukun,501,1,700,1,546,1,833,1,1,1,0,0
30300,Balonne,Queensland,4392,4345,4350,5,0.11507479861910241,-42,-0.9562841530054645,0,305,256,561,12.91139240506329,603,-42,-6.965174129353234,288,51.33689839572193,292,-4,-1.36986301369863,Balonne,943,3,929,4,942,2,929,5,1,1,0,0
30370,Banana,Queensland,14587,15040,15144,104,0.6914893617021276,557,3.818468499348735,0,1042,1129,2171,14.434840425531913,2131,40,1.8770530267480057,1052,48.45693228926762,1033,19,1.8393030009680542,Banana,992,7,954,6,998,7,909,3,1,1,0,0
30410,Barcaldine,Queensland,2862,2910,2937,27,0.9278350515463918,75,2.6205450733752618,0,184,174,358,12.302405498281786,386,-28,-7.253886010362693,178,49.72067039106145,189,-11,-5.82010582010582,Barcaldine,1002,7,971,7,989,6,956,6,1,1,0,0
30450,Barcoo,Queensland,302,315,321,6,1.9047619047619049,19,6.291390728476822,0,10,25,35,11.11111111111111,31,4,12.903225806451612,14,40.0,16,-2,-12.5,Barcoo,988,6,959,6,1002,7,879,1,1,1,0,0
30760,Blackall Tambo,Queensland,1919,1962,1975,13,0.6625891946992865,56,2.918186555497655,0,106,125,231,11.773700305810397,233,-2,-0.8583690987124464,118,51.082251082251084,114,4,3.508771929824561,Blackall Tambo,961,4,930,4,976,5,903,3,1,1,0,0
30900,Boulia,Queensland,458,481,489,8,1.6632016632016633,31,6.768558951965066,0,43,44,87,18.08731808731809,68,19,27.941176470588236,55,63.2183908045977,34,21,61.76470588235294,Boulia,878,1,890,2,864,1,898,2,1,1,0,0
31000,Brisbane,Queensland,1263500,1353837,1375301,21464,1.585419810508946,111801,8.848516026909378,0,75201,79178,154379,11.40307141849425,148649,5730,3.8547181615752546,75219,48.72359582585714,72219,3000,4.154031487558676,Brisbane,1045,9,1061,9,1012,8,1076,9,1,1,0,0
31750,Bulloo,Queensland,340,345,347,2,0.5797101449275363,7,2.0588235294117645,0,22,30,52,15.072463768115943,49,3,6.122448979591836,29,55.769230769230774,28,1,3.571428571428571,Bulloo,990,6,942,5,972,5,873,1,1,1,0,0
31820,Bundaberg,Queensland,98883,105895,107297,1402,1.323952972283866,8414,8.509046044314998,0,5505,6391,11896,11.233769299778082,12125,-229,-1.8886597938144332,5768,48.486886348352385,5828,-60,-1.029512697323267,Bundaberg,924,2,898,2,954,3,891,2,1,1,0,0
31900,Burdekin,Queensland,16934,17134,17220,86,0.501925995097467,286,1.6889098854375812,0,902,1031,1933,11.281662192132602,2086,-153,-7.334611697027804,901,46.61148473874806,974,-73,-7.494866529774128,Burdekin,966,5,923,3,969,4,890,2,1,1,0,0
31950,Burke,Queensland,415,444,449,5,1.1261261261261262,34,8.19277108433735,0,23,21,44,9.90990990990991,41,3,7.317073170731707,21,47.72727272727273,21,0,0.0,Burke,941,3,928,4,899,2,927,4,1,1,0,0
32080,Cairns,Queensland,168710,177573,179334,1761,0.9917048199895254,10624,6.297196372473475,0,10589,12023,22612,12.733917881659936,23296,-684,-2.9361263736263736,10946,48.40792499557757,11361,-415,-3.652847460610862,Cairns,981,6,966,7,971,4,972,7,1,1,0,0
32250,Carpentaria,Queensland,2118,2220,2247,27,1.2162162162162162,129,6.090651558073654,0,205,137,342,15.405405405405407,308,34,11.03896103896104,179,52.33918128654971,154,25,16.233766233766232,Carpentaria,851,1,862,1,837,1,852,1,1,1,0,0
32260,Cassowary Coast,Queensland,29608,30365,30666,301,0.991272847027828,1058,3.573358551742772,0,1782,1843,3625,11.938086612876667,3690,-65,-1.7615176151761516,1690,46.62068965517241,1770,-80,-4.519774011299435,Cassowary Coast,929,3,902,2,941,2,888,2,1,1,0,0
32270,Central Highlands (Qld),Queensland,28524,29301,29481,180,0.6143135046585441,957,3.355069415229281,0,2287,2264,4551,15.53189310945019,4533,18,0.3970880211780278,2253,49.50560316413975,2181,72,3.3012379642365883,Central Highlands (Qld),996,7,961,6,1003,8,914,3,1,1,0,0
32310,Charters Towers,Queensland,11923,12030,12088,58,0.48212801330008315,165,1.383879895999329,0,639,1018,1657,13.773898586866167,1838,-181,-9.84766050054407,775,46.77127338563669,883,-108,-12.231030577576444,Charters Towers,933,3,908,2,945,3,894,2,1,1,0,0
32330,Cherbourg,Queensland,1220,1274,1289,15,1.1773940345368918,69,5.655737704918033,0,135,159,294,23.076923076923077,306,-12,-3.9215686274509802,119,40.476190476190474,148,-29,-19.594594594594593,Cherbourg,498,1,660,1,561,1,814,1,1,1,0,0
32450,Cloncurry,Queensland,3528,3882,3907,25,0.6439979392065945,379,10.742630385487528,0,289,207,496,12.776919113858836,403,93,23.076923076923077,248,50.0,202,46,22.772277227722775,Cloncurry,965,5,939,4,936,2,903,3,1,1,0,0
32500,Cook,Queensland,4579,4825,4876,51,1.0569948186528497,297,6.486132343306399,0,323,269,592,12.269430051813472,558,34,6.093189964157706,307,51.858108108108105,278,29,10.431654676258994,Cook,913,2,912,3,885,2,937,5,1,1,0,0
32600,Croydon,Queensland,269,270,273,3,1.1111111111111112,4,1.486988847583643,0,25,15,40,14.814814814814813,35,5,14.285714285714285,23,57.49999999999999,21,2,9.523809523809524,Croydon,876,1,890,2,839,1,867,1,1,1,0,0
32750,Diamantina,Queensland,273,264,265,1,0.3787878787878788,-8,-2.93040293040293,0,7,11,18,6.8181818181818175,26,-8,-30.76923076923077,4,22.22222222222222,12,-8,-66.66666666666666,Diamantina,952,4,942,5,884,1,898,2,1,1,0,0
32770,Doomadgee,Queensland,1459,1471,1484,13,0.8837525492861998,25,1.7135023989033584,0,149,150,299,20.326308633582595,324,-25,-7.716049382716049,134,44.81605351170568,138,-4,-2.898550724637681,Doomadgee,534,1,696,1,580,1,846,1,1,1,0,0
32810,Douglas,Queensland,12371,13038,13169,131,1.0047553305721737,798,6.450569881173712,0,622,698,1320,10.124252185918085,1339,-19,-1.4189693801344287,641,48.56060606060606,651,-10,-1.5360983102918586,Douglas,979,6,944,5,967,4,936,5,1,1,0,0
33100,Etheridge,Queensland,731,721,727,6,0.8321775312066574,-4,-0.5471956224350205,0,35,41,76,10.540915395284326,82,-6,-7.317073170731707,39,51.31578947368421,43,-4,-9.30232558139535,Etheridge,982,6,961,6,968,4,949,6,1,1,0,0
33200,Flinders (Qld),Queensland,1509,1539,1545,6,0.3898635477582846,36,2.3856858846918487,0,96,83,179,11.630929174788823,161,18,11.180124223602485,91,50.83798882681564,87,4,4.597701149425287,Flinders (Qld),970,5,945,5,960,4,930,5,1,1,0,0
33220,Fraser Coast,Queensland,109938,120351,122924,2573,2.1379132703508903,12986,11.812112281467737,0,5656,6858,12514,10.397919419032663,12682,-168,-1.3247121905062293,6106,48.79335144638006,6123,-17,-0.27764167891556424,Fraser Coast,915,2,890,2,954,3,886,2,1,1,0,0
33360,Gladstone,Queensland,63890,67949,69046,1097,1.6144461287141827,5156,8.070120519643137,0,4835,5241,10076,14.828768635300005,9756,320,3.2800328003280033,4952,49.14648670107186,4784,168,3.511705685618729,Gladstone,954,4,926,3,975,5,898,2,1,1,0,0
33430,Gold Coast,Queensland,626342,679286,691230,11944,1.7583168208972364,64888,10.359835361511761,0,38040,40909,78949,11.62235052687675,76438,2511,3.2850153065229337,38363,48.59212909599868,37270,1093,2.932653608800644,Gold Coast,1019,8,1009,9,1015,8,1001,8,1,1,0,0
33610,Goondiwindi,Queensland,10516,10457,10438,-19,-0.18169647126326863,-78,-0.7417268923545074,0,726,761,1487,14.220139619393708,1523,-36,-2.3637557452396587,728,48.95763281775387,741,-13,-1.7543859649122806,Goondiwindi,965,4,938,4,976,5,921,4,1,1,0,0
33620,Gympie,Queensland,53021,57317,58487,1170,2.0412792016330235,5466,10.309122800399843,0,3172,3497,6669,11.635291449308232,6647,22,0.33097638032194976,3218,48.25311141100615,3175,43,1.3543307086614174,Gympie,930,3,896,2,972,5,889,2,1,1,0,0
33800,Hinchinbrook,Queensland,10911,11130,11194,64,0.5750224618149147,283,2.5937127669324536,0,559,613,1172,10.530098831985626,1228,-56,-4.5602605863192185,586,50.0,575,11,1.9130434782608694,Hinchinbrook,954,4,911,3,953,3,884,2,1,1,0,0
33830,Hope Vale,Queensland,1007,1057,1073,16,1.5137180700094608,66,6.554121151936444,0,112,100,212,20.056764427625353,184,28,15.217391304347828,100,47.16981132075472,72,28,38.88888888888889,Hope Vale,631,1,722,1,634,1,815,1,1,1,0,0
33960,Ipswich,Queensland,226778,259134,268272,9138,3.526360878927505,41494,18.29718932171551,0,19944,19735,39679,15.31215510122176,34850,4829,13.856527977044477,19112,48.16653645505179,16967,2145,12.642187776271586,Ipswich,958,4,940,4,980,5,934,5,1,1,0,0
33980,Isaac,Queensland,22141,23159,23186,27,0.11658534479036227,1045,4.719750688767445,0,1681,1589,3270,14.119780646832764,3158,112,3.546548448385054,1529,46.75840978593272,1505,24,1.5946843853820596,Isaac,1012,8,971,7,993,7,905,3,1,1,0,0
34420,Kowanyama,Queensland,1076,1147,1155,8,0.6974716652136007,79,7.342007434944238,0,90,85,175,15.257192676547515,181,-6,-3.314917127071823,78,44.57142857142857,84,-6,-7.142857142857142,Kowanyama,528,1,686,1,509,1,765,1,1,1,0,0
34530,Livingstone,Queensland,39206,42774,43668,894,2.0900547061298917,4462,11.380911085038004,0,2510,2954,5464,12.774115116659654,5233,231,4.414293904070323,2564,46.925329428989755,2438,126,5.1681706316652996,Livingstone,1005,7,970,7,1030,9,935,5,1,1,0,0
34570,Lockhart River,Queensland,673,686,702,16,2.3323615160349855,29,4.3090638930163445,0,52,71,123,17.93002915451895,131,-8,-6.106870229007633,39,31.70731707317073,61,-22,-36.0655737704918,Lockhart River,622,1,744,1,582,1,794,1,1,1,0,0
34580,Lockyer Valley,Queensland,41366,44983,46058,1075,2.3897916990863215,4692,11.342648551950878,0,2657,3069,5726,12.729253273458863,5654,72,1.2734347364697558,2638,46.07055536150891,2654,-16,-0.6028636021100227,Lockyer Valley,948,3,921,3,997,7,902,3,1,1,0,0
34590,Logan,Queensland,343821,391566,403515,11949,3.0515928349243806,59694,17.36194124268151,0,28960,29251,58211,14.86620390943034,51465,6746,13.107937433207034,28377,48.748518321279484,24978,3399,13.607975018015853,Logan,944,3,930,4,985,6,916,3,1,1,0,0
34710,Longreach,Queensland,3651,3745,3741,-4,-0.1068090787716956,90,2.4650780608052587,0,235,268,503,13.43124165554072,508,-5,-0.984251968503937,228,45.32803180914513,243,-15,-6.172839506172839,Longreach,1003,7,976,7,967,4,967,7,1,1,0,0
34770,Mackay,Queensland,121395,128139,129253,1114,0.8693684202311553,7858,6.4730837349149475,0,8308,8932,17240,13.45413964522901,16908,332,1.9635675419919567,8436,48.932714617169374,8180,256,3.1295843520782394,Mackay,999,7,961,6,1007,8,917,4,1,1,0,0
34800,McKinlay,Queensland,828,849,850,1,0.11778563015312131,22,2.657004830917874,0,65,29,94,11.071849234393403,90,4,4.444444444444445,44,46.808510638297875,44,0,0.0,McKinlay,1014,8,977,7,1017,8,937,5,1,1,0,0
34830,Mapoon,Queensland,418,486,494,8,1.646090534979424,76,18.181818181818183,0,50,48,98,20.16460905349794,64,34,53.125,52,53.06122448979592,34,18,52.94117647058824,Mapoon,567,1,700,1,569,1,795,1,1,1,0,0
34860,Maranoa,Queensland,12891,13336,13370,34,0.2549490101979604,479,3.715770692731363,0,916,923,1839,13.789742051589682,1843,-4,-0.2170374389582203,887,48.23273518216422,899,-12,-1.3348164627363739,Maranoa,995,7,966,7,988,6,944,6,1,1,0,0
34880,Mareeba,Queensland,23010,23940,24205,265,1.1069340016708438,1195,5.1933941764450235,0,1225,1502,2727,11.390977443609023,2836,-109,-3.8434414668547254,1328,48.6982031536487,1385,-57,-4.115523465703971,Mareeba,937,3,921,3,952,3,922,4,1,1,0,0
35010,Moreton Bay,Queensland,476622,521494,532445,10951,2.099928282971616,55823,11.712216389507828,0,32801,35687,68488,13.13303700521962,66784,1704,2.5515093435553426,33305,48.628956897558695,32361,944,2.9170915608293937,Moreton Bay,992,7,970,7,1012,8,955,6,1,1,0,0
35250,Mornington,Queensland,1093,1087,1099,12,1.1039558417663293,6,0.5489478499542544,0,64,87,151,13.891444342226311,215,-64,-29.767441860465116,77,50.993377483443716,102,-25,-24.509803921568626,Mornington,609,1,747,1,588,1,899,2,1,1,0,0
35300,Mount Isa,Queensland,19315,18725,18585,-140,-0.7476635514018692,-730,-3.779446026404349,0,1462,1374,2836,15.145527369826436,2913,-77,-2.6433230346721595,1343,47.35543018335684,1431,-88,-6.149545772187281,Mount Isa,972,5,954,6,938,2,927,4,1,1,0,0
35600,Murweh,Queensland,4106,3988,4004,16,0.4012036108324975,-102,-2.484169508037019,0,252,211,463,11.609829488465397,511,-48,-9.393346379647749,240,51.83585313174947,252,-12,-4.761904761904762,Murweh,948,3,930,4,943,2,930,5,1,1,0,0
35670,Napranum,Queensland,923,941,952,11,1.1689691817215728,29,3.14192849404117,0,94,89,183,19.44739638682253,180,3,1.6666666666666667,101,55.19125683060109,88,13,14.772727272727273,Napranum,623,1,738,1,619,1,818,1,1,1,0,0
35740,Noosa,Queensland,56662,59015,59551,536,0.9082436668643565,2889,5.0986551833680425,0,2880,3550,6430,10.895535033466068,6570,-140,-2.13089802130898,3144,48.89580093312597,3189,-45,-1.4111006585136407,Noosa,1030,9,1009,9,1029,9,1003,8,1,1,0,0
35760,North Burnett,Queensland,10206,10449,10562,113,1.0814432003062493,356,3.4881442288849698,0,494,599,1093,10.460331132165757,1201,-108,-8.992506244796003,510,46.66056724611162,576,-66,-11.458333333333332,North Burnett,902,2,888,2,943,3,887,2,1,1,0,0
35780,Northern Peninsula Area,Queensland,2891,2925,2944,19,0.6495726495726496,53,1.8332756831546178,0,339,346,685,23.418803418803417,671,14,2.086438152011923,352,51.386861313868614,335,17,5.074626865671641,Northern Peninsula Area,702,1,792,1,636,1,881,1,1,1,0,0
35790,Palm Island,Queensland,2205,2282,2335,53,2.322524101665206,130,5.895691609977324,0,233,230,463,20.289219982471515,456,7,1.5350877192982455,258,55.72354211663067,229,29,12.663755458515283,Palm Island,567,1,707,1,570,1,851,1,1,1,0,0
35800,Paroo,Queensland,1683,1722,1724,2,0.11614401858304298,41,2.43612596553773,0,133,107,240,13.937282229965156,221,19,8.597285067873303,112,46.666666666666664,115,-3,-2.608695652173913,Paroo,866,1,884,2,857,1,921,4,1,1,0,0
36070,Pormpuraaw,Queensland,672,645,650,5,0.7751937984496124,-22,-3.273809523809524,0,47,45,92,14.263565891472869,115,-23,-20.0,37,40.21739130434783,51,-14,-27.450980392156865,Pormpuraaw,547,1,706,1,512,1,759,1,1,1,0,0
36150,Quilpie,Queensland,721,714,720,6,0.8403361344537815,-1,-0.13869625520110956,0,63,32,95,13.305322128851541,80,15,18.75,33,34.73684210526316,34,-1,-2.941176470588235,Quilpie,998,7,969,7,980,5,942,6,1,1,0,0
36250,Redland,Queensland,160418,169940,172831,2891,1.701188654819348,12413,7.737909710880325,0,9845,10932,20777,12.22607979286807,20751,26,0.1252951664980001,9968,47.97612744862107,9995,-27,-0.27013506753376687,Redland,1024,8,1003,8,1041,10,979,8,1,1,0,0
36300,Richmond,Queensland,769,785,788,3,0.3821656050955414,19,2.4707412223667102,0,64,46,110,14.012738853503185,87,23,26.436781609195403,55,50.0,49,6,12.244897959183673,Richmond,1009,8,975,7,1005,8,924,4,1,1,0,0
36370,Rockhampton,Queensland,82352,85170,85794,624,0.7326523423740754,3442,4.17961919564795,0,5520,6241,11761,13.808852882470354,11631,130,1.1177026910841716,5879,49.98724598248449,5718,161,2.8156698146204966,Rockhampton,949,3,924,3,960,4,910,3,1,1,0,0
36510,Scenic Rim,Queensland,43255,45944,46947,1003,2.1830924603865576,3692,8.535429430123685,0,2579,2906,5485,11.938446804805851,5830,-345,-5.917667238421955,2609,47.566089334548764,2827,-218,-7.711354793066855,Scenic Rim,986,6,959,6,1019,9,949,6,1,1,0,0
36580,Somerset,Queensland,25322,26516,26936,420,1.583949313621964,1614,6.373904114998815,0,1510,1837,3347,12.622567506411222,3592,-245,-6.820712694877505,1636,48.87959366596952,1735,-99,-5.706051873198847,Somerset,944,3,913,3,998,7,896,2,1,1,0,0
36630,South Burnett,Queensland,32952,34683,35111,428,1.2340339647666003,2159,6.551954357853848,0,1782,2097,3879,11.184153619929072,4282,-403,-9.41148995796357,1891,48.749677751997936,2065,-174,-8.426150121065374,South Burnett,907,2,885,2,945,3,888,2,1,1,0,0
36660,Southern Downs,Queensland,36393,37736,38064,328,0.8691965232139072,1671,4.591542329568873,0,1981,2430,4411,11.689103243587025,4699,-288,-6.1289636092785695,2171,49.217864429834506,2272,-101,-4.445422535211268,Southern Downs,939,3,909,3,964,4,900,2,1,1,0,0
36720,Sunshine Coast,Queensland,338389,374298,381957,7659,2.046230543577577,43568,12.87512300931768,0,21457,24156,45613,12.186279381669152,42134,3479,8.256989604594864,22299,48.88737859820665,20374,1925,9.448316481790517,Sunshine Coast,1022,8,1001,8,1023,9,991,8,1,1,0,0
36820,Tablelands,Queensland,26309,27575,27902,327,1.1858567543064369,1593,6.054962180242502,0,1524,1848,3372,12.228467815049864,3498,-126,-3.6020583190394513,1641,48.66548042704626,1683,-42,-2.4955436720142603,Tablelands,955,4,926,3,961,4,924,4,1,1,0,0
36910,Toowoomba,Queensland,173562,184075,186276,2201,1.1957082710851556,12714,7.325336191101739,0,11290,12716,24006,13.041423332880619,24164,-158,-0.6538652540970038,11752,48.954428059651754,11992,-240,-2.0013342228152102,Toowoomba,979,6,959,6,983,6,959,7,1,1,0,0
36950,Torres,Queensland,3589,3485,3490,5,0.1434720229555237,-99,-2.758428531624408,0,278,339,617,17.70444763271162,684,-67,-9.7953216374269,307,49.75688816855753,330,-23,-6.969696969696971,Torres,904,2,939,4,824,1,981,8,1,1,0,0
36960,Torres Strait Island,Queensland,4355,4278,4298,20,0.46750818139317435,-57,-1.3088404133180254,0,473,397,870,20.336605890603085,976,-106,-10.860655737704917,407,46.7816091954023,458,-51,-11.135371179039302,Torres Strait Island,649,1,777,1,628,1,885,2,1,1,0,0
37010,Townsville,Queensland,194679,203972,206260,2288,1.1217225893750122,11581,5.9487669445600195,0,12499,13644,26143,12.816955268370167,26203,-60,-0.22898141434186925,12633,48.32268676127453,12836,-203,-1.5814895606107822,Townsville,990,6,966,7,981,5,962,7,1,1,0,0
37300,Weipa,Queensland,4143,4268,4297,29,0.6794751640112464,154,3.7171132029930005,0,383,348,731,17.12746016869728,690,41,5.942028985507246,339,46.37482900136799,319,20,6.269592476489027,Weipa,1058,10,1036,9,1011,8,944,6,1,1,0,0
37310,Western Downs,Queensland,34390,35237,35452,215,0.6101540993841701,1062,3.0881070078511192,0,2361,2609,4970,14.104492436927094,5129,-159,-3.1000194969779686,2478,49.859154929577464,2473,5,0.20218358269308534,Western Downs,946,3,922,3,969,4,912,3,1,1,0,0
37340,Whitsunday,Queensland,37105,40639,41374,735,1.8086074952631708,4269,11.505187980056595,0,2289,2467,4756,11.703043874111076,4406,350,7.9437131184748075,2238,47.056349873843565,2117,121,5.715635333018422,Whitsunday,969,5,935,4,977,5,899,2,1,1,0,0
37400,Winton,Queensland,1130,1138,1152,14,1.2302284710017575,22,1.9469026548672566,0,73,72,145,12.74165202108963,127,18,14.173228346456693,89,61.37931034482759,71,18,25.352112676056336,Winton,993,7,959,6,972,4,932,5,1,1,0,0
37550,Woorabinda,Queensland,1020,1083,1087,4,0.3693444136657433,67,6.568627450980393,0,121,157,278,25.669436749769158,219,59,26.94063926940639,141,50.719424460431654,101,40,39.603960396039604,Woorabinda,492,1,659,1,513,1,816,1,1,1,0,0
37570,Wujal Wujal,Queensland,287,297,301,4,1.3468013468013467,14,4.878048780487805,0,28,22,50,16.835016835016837,52,-2,-3.8461538461538463,32,64.0,25,7,28.000000000000004,Wujal Wujal,510,1,692,1,542,1,862,1,1,1,0,0
37600,Yarrabah,Queensland,2606,2654,2669,15,0.5651846269781462,63,2.417498081350729,0,254,274,528,19.89449886963075,578,-50,-8.650519031141869,263,49.81060606060606,284,-21,-7.394366197183098,Yarrabah,512,1,678,1,569,1,788,1,1,1,0,0
40070,Adelaide,South Australia,25964,29246,30173,927,3.1696642275866784,4209,16.21090741026036,0,405,464,869,2.9713465089242974,947,-78,-8.236536430834214,423,48.67663981588032,471,-48,-10.191082802547772,Adelaide,1002,7,1058,9,856,1,1137,10,1,1,0,0
40120,Adelaide Hills,South Australia,40969,42448,42875,427,1.0059366754617414,1906,4.6522980790353685,0,2508,2840,5348,12.598944591029024,5414,-66,-1.2190616919098634,2633,49.23335826477187,2715,-82,-3.0202578268876614,Adelaide Hills,1081,10,1066,10,1083,10,1070,9,1,1,0,0
40150,Adelaide Plains,South Australia,9677,11307,11736,429,3.794109843459804,2059,21.277255347731735,0,692,736,1428,12.629344653754313,1248,180,14.423076923076922,657,46.008403361344534,569,88,15.465729349736378,Adelaide Plains,988,6,943,5,1040,9,894,2,1,1,0,0
40220,Alexandrina,South Australia,28400,30946,31427,481,1.5543204291346215,3027,10.658450704225352,0,1420,1596,3016,9.746009177276546,3041,-25,-0.8220979940808945,1448,48.01061007957559,1505,-57,-3.7873754152823924,Alexandrina,988,6,949,5,1007,8,941,5,1,1,0,0
40250,Anangu Pitjantjatjara Yankunytjatjara,South Australia,2515,2653,2668,15,0.5653976630229929,153,6.083499005964215,0,230,199,429,16.170373162457597,390,39,10.0,230,53.613053613053616,198,32,16.161616161616163,Anangu Pitjantjatjara Yunkunytjatjara,496,1,706,1,519,1,889,2,1,1,0,0
40310,Barossa,South Australia,25325,26631,26817,186,0.6984341556832263,1492,5.891411648568608,0,1490,1799,3289,12.35026848409748,3336,-47,-1.408872901678657,1562,47.491638795986624,1590,-28,-1.7610062893081762,Barossa,1014,8,976,7,1025,9,955,6,1,1,0,0
40430,Barunga West,South Australia,2631,2683,2688,5,0.18635855385762207,57,2.1664766248574687,0,139,141,280,10.436079016026836,264,16,6.0606060606060606,121,43.214285714285715,127,-6,-4.724409448818897,Barunga West,950,3,932,4,966,4,947,6,1,1,0,0
40520,Berri Barmera,South Australia,10800,10773,10758,-15,-0.1392369813422445,-42,-0.3888888888888889,0,525,603,1128,10.470620996936786,1336,-208,-15.568862275449103,553,49.02482269503546,615,-62,-10.08130081300813,Berri Barmera,907,2,887,2,929,2,882,2,1,1,0,0
40700,Burnside,South Australia,46415,47928,48257,329,0.6864463361709231,1842,3.968544651513519,0,2676,3281,5957,12.429060257052244,5924,33,0.5570560432140446,2992,50.22662413966762,2987,5,0.16739203213927017,Burnside,1083,10,1102,10,1050,10,1131,10,1,1,0,0
40910,Campbelltown (SA),South Australia,54884,58097,58826,729,1.2547980102242802,3942,7.182421106333357,0,3161,3246,6407,11.028108163932734,6044,363,6.0059563203176705,2985,46.589667551115966,2887,98,3.394527190855559,Campbelltown (SA),1021,8,1012,9,990,6,1030,9,1,1,0,0
41010,Ceduna,South Australia,3616,3754,3757,3,0.07991475759190196,141,3.8993362831858405,0,275,270,545,14.517847629195524,456,89,19.517543859649123,271,49.72477064220184,234,37,15.81196581196581,Ceduna,943,3,927,4,928,2,926,4,1,1,0,0
41060,Charles Sturt,South Australia,122119,129441,130841,1400,1.08157384445423,8722,7.142213742333298,0,6422,6243,12665,9.784380528580588,12232,433,3.539895356442119,6182,48.81168574812476,6002,180,2.9990003332222592,Charles Sturt,1001,7,993,8,969,4,1005,8,1,1,0,0
41140,Clare and Gilbert Valleys,South Australia,9379,9446,9467,21,0.22231632437010374,88,0.9382663396950635,0,471,589,1060,11.221681134871904,1154,-94,-8.145580589254767,532,50.18867924528302,559,-27,-4.83005366726297,Clare and Gilbert Valleys,998,7,963,6,994,7,960,7,1,1,0,0
41190,Cleve,South Australia,1777,1761,1771,10,0.5678591709256104,-6,-0.3376477208778841,0,126,118,244,13.855763770584895,230,14,6.086956521739131,123,50.409836065573764,117,6,5.128205128205128,Cleve,989,6,952,6,988,6,949,6,1,1,0,0
41330,Coober Pedy,South Australia,1689,1542,1526,-16,-1.0376134889753565,-163,-9.650680876258141,0,52,47,99,6.420233463035019,166,-67,-40.36144578313253,40,40.4040404040404,89,-49,-55.0561797752809,Coober Pedy,868,1,868,1,832,1,868,1,1,1,0,0
41560,Copper Coast,South Australia,15109,16336,16601,265,1.6221841332027425,1492,9.874908994638957,0,747,831,1578,9.659647404505387,1566,12,0.7662835249042145,771,48.85931558935361,721,50,6.934812760055478,Copper Coast,924,2,892,2,950,3,873,1,1,1,0,0
41750,Elliston,South Australia,1046,1054,1057,3,0.2846299810246679,11,1.0516252390057361,0,73,81,154,14.61100569259962,156,-2,-1.282051282051282,64,41.55844155844156,68,-4,-5.88235294117647,Elliston,959,4,952,5,962,4,988,8,1,1,0,0
41830,Flinders Ranges,South Australia,1673,1678,1662,-16,-0.9535160905840285,-11,-0.657501494321578,0,80,71,151,8.99880810488677,159,-8,-5.031446540880504,71,47.019867549668874,79,-8,-10.126582278481013,Flinders Ranges,933,3,907,2,944,3,902,3,1,1,0,0
41960,Franklin Harbour,South Australia,1305,1359,1367,8,0.5886681383370125,62,4.75095785440613,0,66,91,157,11.55261221486387,162,-5,-3.0864197530864197,69,43.94904458598726,63,6,9.523809523809524,Franklin Harbour,959,4,923,3,970,4,906,3,1,1,0,0
42030,Gawler,South Australia,24770,27208,27564,356,1.308438694501617,2794,11.279773920064594,0,1588,1696,3284,12.069979417818288,3003,281,9.357309357309356,1614,49.14738124238733,1497,117,7.8156312625250495,Gawler,960,4,931,4,968,4,926,4,1,1,0,0
42110,Goyder,South Australia,4136,4145,4141,-4,-0.09650180940892641,5,0.12088974854932302,0,203,240,443,10.687575392038601,479,-36,-7.515657620041753,197,44.46952595936794,260,-63,-24.23076923076923,Goyder,947,3,914,3,957,3,919,4,1,1,0,0
42250,Grant,South Australia,8763,9166,9223,57,0.6218634082478726,460,5.2493438320209975,0,469,551,1020,11.128082042330352,1149,-129,-11.22715404699739,507,49.705882352941174,537,-30,-5.58659217877095,Grant,1026,8,974,7,1055,10,927,4,1,1,0,0
42600,Holdfast Bay,South Australia,37724,39351,39683,332,0.8436888516174937,1959,5.192980595907115,0,1634,1892,3526,8.960382201214708,3614,-88,-2.4349750968456,1715,48.63868406125922,1766,-51,-2.887882219705549,Holdfast Bay,1047,9,1044,9,999,7,1062,9,1,1,0,0
42750,Kangaroo Island,South Australia,4925,5172,5212,40,0.7733952049497294,287,5.8274111675126905,0,290,278,568,10.982211910286157,532,36,6.7669172932330826,269,47.359154929577464,245,24,9.795918367346939,Kangaroo Island,991,7,952,6,982,5,945,6,1,1,0,0
43080,Karoonda East Murray,South Australia,1056,1030,1026,-4,-0.3883495145631068,-30,-2.840909090909091,0,55,61,116,11.262135922330096,121,-5,-4.132231404958678,52,44.827586206896555,58,-6,-10.344827586206897,Karoonda East Murray,956,4,930,4,975,5,946,6,1,1,0,0
43220,Kimba,South Australia,1056,1067,1064,-3,-0.28116213683223995,8,0.7575757575757576,0,66,94,160,14.995313964386128,165,-5,-3.0303030303030303,79,49.375,78,1,1.282051282051282,Kimba,1020,8,985,8,1007,8,986,8,1,1,0,0
43360,Kingston (SA),South Australia,2359,2417,2420,3,0.12412081092263137,61,2.585841458245019,0,97,109,206,8.522962350020686,225,-19,-8.444444444444445,97,47.0873786407767,101,-4,-3.9603960396039604,Kingston (SA),977,5,942,5,987,6,910,3,1,1,0,0
43650,Light,South Australia,15843,17053,17317,264,1.548114701225591,1474,9.30379347345831,0,1104,1260,2364,13.862663460974609,2395,-31,-1.2943632567849688,1143,48.3502538071066,1132,11,0.9717314487632509,Light,1027,9,981,7,1055,10,949,6,1,1,0,0
43710,Lower Eyre,South Australia,5947,6226,6268,42,0.6745904272406039,321,5.397679502270052,0,352,450,802,12.881464824927722,825,-23,-2.7878787878787876,377,47.0074812967581,369,8,2.168021680216802,Lower Eyre Peninsula,1033,9,982,8,1037,9,953,6,1,1,0,0
43790,Loxton Waikerie,South Australia,11861,11980,11971,-9,-0.07512520868113523,110,0.927409156057668,0,672,728,1400,11.686143572621036,1443,-43,-2.9799029799029797,672,48.0,735,-63,-8.571428571428571,Loxton Waikerie,958,4,925,3,967,4,911,3,1,1,0,0
44000,Maralinga Tjarutja,South Australia,93,102,102,0,0.0,9,9.67741935483871,0,0,10,10,9.803921568627452,9,1,11.11111111111111,5,50.0,3,2,66.66666666666666,Maralinga Tjarutja,644,1,823,1,641,1,1043,9,1,1,0,0
44060,Marion,South Australia,95256,100009,101229,1220,1.2198902098811106,5973,6.270471151423532,0,5605,5201,10806,10.805027547520723,10119,687,6.7892084198043285,5275,48.81547288543402,5043,232,4.600436248264922,Marion,1008,8,994,8,974,5,1013,9,1,1,0,0
44210,Mid Murray,South Australia,9268,9600,9674,74,0.7708333333333334,406,4.380664652567976,0,427,475,902,9.395833333333334,890,12,1.348314606741573,414,45.8980044345898,432,-18,-4.166666666666666,Mid Murray,914,2,882,2,952,3,874,1,1,1,0,0
44340,Mitcham,South Australia,68175,70585,71267,682,0.9662109513352696,3092,4.535386872020535,0,4044,4443,8487,12.023801090883332,8515,-28,-0.3288314738696418,4137,48.7451396253093,4183,-46,-1.0996892182644036,Mitcham,1075,10,1073,10,1050,10,1094,10,1,1,0,0
44550,Mount Barker,South Australia,38206,43711,45111,1400,3.2028551165610484,6905,18.073077527089985,0,2765,2868,5633,12.886916336848847,5018,615,12.255878836189718,2685,47.665542339783414,2458,227,9.235150528885272,Mount Barker,1037,9,1004,8,1038,9,1002,8,1,1,0,0
44620,Mount Gambier,South Australia,27565,28016,28057,41,0.14634494574528842,492,1.7848721204425901,0,1663,1746,3409,12.168046830382638,3585,-176,-4.909344490934449,1648,48.342622469932536,1707,-59,-3.456356180433509,Mount Gambier,924,2,893,2,928,2,883,2,1,1,0,0
44830,Mount Remarkable,South Australia,2910,2871,2861,-10,-0.34831069313827934,-49,-1.6838487972508591,0,124,129,253,8.812260536398467,297,-44,-14.814814814814813,113,44.66403162055336,131,-18,-13.740458015267176,Mount Remarkable,974,5,950,5,990,6,958,7,1,1,0,0
45040,Murray Bridge,South Australia,22268,23322,23539,217,0.9304519337964154,1271,5.7077420513741695,0,1237,1352,2589,11.101106251607924,2704,-115,-4.252958579881657,1309,50.56006179992275,1305,4,0.30651340996168586,Murray Bridge,891,2,866,1,923,2,853,1,1,1,0,0
45090,Naracoorte Lucindale,South Australia,8867,8949,8930,-19,-0.21231422505307856,63,0.7104996052779972,0,523,635,1158,12.93999329534026,1183,-25,-2.113271344040575,571,49.30915371329879,543,28,5.156537753222836,Naracoorte Lucindale,978,5,949,5,986,6,929,5,1,1,0,0
45120,Northern Areas,South Australia,4622,4680,4688,8,0.17094017094017094,66,1.4279532669839896,0,313,299,612,13.076923076923078,546,66,12.087912087912088,288,47.05882352941176,258,30,11.627906976744185,Northern Areas,979,6,948,5,975,5,957,6,1,1,0,0
45290,Norwood Payneham and St Peters,South Australia,37958,40184,40845,661,1.6449333067887717,2887,7.605774803730439,0,1848,1926,3774,9.391797730439976,3747,27,0.7205764611689351,1847,48.94011658717541,1840,7,0.3804347826086957,Norwood Payneham and St Peters,1038,9,1052,9,974,5,1090,10,1,1,0,0
45340,Onkaparinga,South Australia,174948,183239,184827,1588,0.866627737544955,9879,5.64682076960011,0,10563,11359,21922,11.96361036678873,21822,100,0.4582531390340024,10710,48.85503147523036,10577,133,1.257445400397088,Onkaparinga,987,6,951,5,991,6,945,6,1,1,0,0
45400,Orroroo Carrieton,South Australia,893,891,884,-7,-0.7856341189674524,-9,-1.007838745800672,0,55,54,109,12.2334455667789,95,14,14.736842105263156,55,50.45871559633027,47,8,17.02127659574468,Orroroo Carrieton,1006,8,980,7,1000,7,986,8,1,1,0,0
45540,Peterborough,South Australia,1681,1694,1701,7,0.4132231404958678,20,1.189767995240928,0,68,91,159,9.386068476977567,161,-2,-1.2422360248447204,89,55.9748427672956,86,3,3.488372093023256,Peterborough,773,1,783,1,853,1,825,1,1,1,0,0
45680,Playford,South Australia,98458,111433,115790,4357,3.9099728087729844,17332,17.603445123809138,0,8398,8493,16891,15.157987310760726,14523,2368,16.305171107897817,8324,49.28068202001066,7042,1282,18.205055381993752,Playford,852,1,850,1,911,2,852,1,1,1,0,0
45890,Port Adelaide Enfield,South Australia,132967,141372,143022,1650,1.1671335200746966,10055,7.562026668271075,0,7751,7325,15076,10.664063605240075,14193,883,6.2213767350102165,7303,48.441231095781376,6948,355,5.109383995394358,Port Adelaide Enfield,953,4,953,6,937,2,978,8,1,1,0,0
46090,Port Augusta,South Australia,14389,14458,14469,11,0.0760824457048001,80,0.5559802627006741,0,817,994,1811,12.525937197399365,1898,-87,-4.5837723919915705,887,48.97846493649917,920,-33,-3.5869565217391304,Port Augusta,889,2,877,1,892,2,870,1,1,1,0,0
46300,Port Lincoln,South Australia,14773,15067,15065,-2,-0.013274042609676776,292,1.9765788939281121,0,932,943,1875,12.444414946571978,1926,-51,-2.64797507788162,868,46.29333333333333,915,-47,-5.136612021857923,Port Lincoln,948,3,915,3,936,2,900,3,1,1,0,0
46450,Port Pirie,South Australia,17742,17672,17664,-8,-0.04526935264825713,-78,-0.439634764964491,0,983,1083,2066,11.690810321412403,2230,-164,-7.354260089686099,1004,48.59632139399807,1080,-76,-7.037037037037037,Port Pirie,889,2,868,1,902,2,866,1,1,1,0,0
46510,Prospect,South Australia,22234,23342,23459,117,0.501242395681604,1225,5.5095799226410005,0,1308,1350,2658,11.387199040356439,2598,60,2.3094688221709005,1253,47.14070729872084,1248,5,0.4006410256410256,Prospect,1054,10,1058,9,1000,7,1085,10,1,1,0,0
46670,Renmark Paringa,South Australia,9988,10213,10274,61,0.5972779790463135,286,2.8634361233480177,0,545,547,1092,10.692254969156958,1160,-68,-5.862068965517241,543,49.72527472527473,565,-22,-3.893805309734513,Renmark Paringa,923,2,899,2,949,3,879,1,1,1,0,0
46860,Robe,South Australia,1526,1620,1621,1,0.06172839506172839,95,6.225425950196593,0,57,71,128,7.901234567901234,156,-28,-17.94871794871795,64,50.0,71,-7,-9.859154929577464,Robe,1023,8,984,8,1006,8,965,7,1,1,0,0
46970,Roxby Downs,South Australia,4137,4099,4089,-10,-0.24396194193705784,-48,-1.160261058738216,0,372,313,685,16.711393022688462,664,21,3.1626506024096384,330,48.175182481751825,327,3,0.9174311926605505,Roxby Downs,1048,9,1004,8,1010,8,919,4,1,1,0,0
47140,Salisbury,South Australia,147359,150637,151019,382,0.2535897555049556,3660,2.4837302098955614,0,9450,9803,19253,12.781056446955263,19154,99,0.5168633183669207,9410,48.875499922090064,9318,92,0.9873363382700151,Salisbury,904,2,898,2,945,3,902,3,1,1,0,0
47290,Southern Mallee,South Australia,2040,2018,2013,-5,-0.2477700693756194,-27,-1.3235294117647058,0,115,115,230,11.397423191278493,246,-16,-6.504065040650407,116,50.43478260869565,131,-15,-11.450381679389313,Southern Mallee,997,7,962,6,985,6,944,6,1,1,0,0
47490,Streaky Bay,South Australia,2219,2280,2292,12,0.5263157894736842,73,3.2897701667417754,0,149,154,303,13.289473684210526,306,-3,-0.9803921568627451,163,53.79537953795379,159,4,2.515723270440252,Streaky Bay,1000,7,960,6,977,5,945,6,1,1,0,0
47630,Tatiara,South Australia,7016,7098,7088,-10,-0.14088475626937164,72,1.0262257696693273,0,385,466,851,11.989292758523527,917,-66,-7.197382769901854,420,49.35370152761457,445,-25,-5.617977528089887,Tatiara,982,6,950,5,1004,8,926,4,1,1,0,0
47700,Tea Tree Gully,South Australia,101613,104590,105120,530,0.5067406061764987,3507,3.451330046352337,0,5881,6471,12352,11.80992446696625,12252,100,0.8161932745674175,6070,49.141839378238345,5944,126,2.11978465679677,Tea Tree Gully,1030,9,996,8,1016,8,985,8,1,1,0,0
47800,Coorong,South Australia,5565,5633,5627,-6,-0.10651517841292384,62,1.1141060197663972,0,306,332,638,11.326113971240902,651,-13,-1.9969278033794162,284,44.5141065830721,305,-21,-6.885245901639345,Coorong,939,3,911,3,956,3,910,3,1,1,0,0
47910,Tumby Bay,South Australia,2832,2955,2963,8,0.2707275803722504,131,4.625706214689266,0,184,187,371,12.554991539763114,323,48,14.860681114551083,188,50.673854447439346,153,35,22.875816993464053,Tumby Bay,993,7,954,6,979,5,955,6,1,1,0,0
47980,Unley,South Australia,39465,40436,40731,295,0.7295479275892769,1266,3.2079057392626376,0,2019,2335,4354,10.76763280245326,4474,-120,-2.682163611980331,2113,48.53008727606799,2272,-159,-6.998239436619719,Unley,1067,10,1084,10,1014,8,1119,10,1,1,0,0
48050,Victor Harbor,South Australia,16068,17154,17457,303,1.7663518712836657,1389,8.644510828976848,0,733,818,1551,9.041622945085695,1475,76,5.1525423728813555,743,47.90457769181173,714,29,4.061624649859944,Victor Harbor,962,4,927,3,970,4,925,4,1,1,0,0
48130,Wakefield,South Australia,6867,6996,6993,-3,-0.04288164665523156,126,1.834862385321101,0,431,515,946,13.522012578616351,930,16,1.7204301075268817,451,47.674418604651166,449,2,0.4454342984409799,Wakefield,921,2,897,2,957,3,892,2,1,1,0,0
48260,Walkerville,South Australia,8156,8593,8673,80,0.9309903409752124,517,6.338891613536048,0,463,489,952,11.078785057605026,869,83,9.551208285385501,507,53.2563025210084,479,28,5.845511482254697,Walkerville,1075,10,1097,10,1035,9,1123,10,1,1,0,0
48340,Wattle Range,South Australia,12058,12367,12378,11,0.08894638958518637,320,2.653839774423619,0,594,762,1356,10.96466402522843,1506,-150,-9.9601593625498,661,48.74631268436578,735,-74,-10.068027210884352,Wattle Range,942,3,906,2,963,4,892,2,1,1,0,0
48410,West Torrens,South Australia,62573,65934,66547,613,0.929717596384263,3974,6.35098205296214,0,3038,3087,6125,9.289592622925955,5993,132,2.2025696646087103,2938,47.96734693877551,2936,2,0.06811989100817438,West Torrens,1015,8,1010,9,960,3,1029,9,1,1,0,0
48540,Whyalla,South Australia,22036,21875,21720,-155,-0.7085714285714285,-316,-1.4340170629878382,0,1282,1428,2710,12.388571428571428,2864,-154,-5.377094972067039,1274,47.011070110701105,1381,-107,-7.74800868935554,Whyalla,883,1,868,1,879,1,865,1,1,1,0,0
48640,Wudinna,South Australia,1185,1169,1171,2,0.1710863986313088,-14,-1.1814345991561181,0,72,94,166,14.20017108639863,187,-21,-11.229946524064172,82,49.39759036144578,110,-28,-25.454545454545453,Wudinna,1009,8,972,7,987,6,959,7,1,1,0,0
48750,Yankalilla,South Australia,5736,6211,6299,88,1.4168410883915632,563,9.815202231520223,0,299,292,591,9.51537594590243,568,23,4.049295774647888,297,50.25380710659898,269,28,10.408921933085502,Yankalilla,978,5,942,5,991,6,938,5,1,1,0,0
48830,Yorke Peninsula,South Australia,11681,12161,12242,81,0.6660636460817367,561,4.802671004194846,0,546,579,1125,9.250883973357455,1114,11,0.9874326750448833,521,46.31111111111111,520,1,0.19230769230769232,Yorke Peninsula,952,4,918,3,961,4,910,3,1,1,0,0
49399,Unincorporated SA,South Australia,3229,3030,3001,-29,-0.957095709570957,-228,-7.061009600495509,1,138,131,269,8.877887788778878,320,-51,-15.937499999999998,144,53.53159851301115,151,-7,-4.635761589403973,Unincorporated SA,905,2,904,2,865,1,895,2,1,1,0,0
50080,Albany,Western Australia,39629,41714,42308,594,1.4239823560435345,2679,6.760200863004366,0,2339,2625,4964,11.900081507407585,5079,-115,-2.2642252411892105,2411,48.56970185334408,2485,-74,-2.977867203219316,Albany,987,6,955,6,997,7,941,5,1,1,0,0
50210,Armadale,Western Australia,94970,109625,113003,3378,3.0814139110604333,18033,18.988101505738655,0,9035,8257,17292,15.773774230330673,13596,3696,27.184466019417474,8411,48.640990053203794,6638,1773,26.709852365170235,Armadale,990,6,971,7,1025,9,947,6,1,1,0,0
50250,Ashburton,Western Australia,8927,8234,8335,101,1.2266213262084043,-592,-6.6315671558194245,0,727,506,1233,14.974495992227348,1046,187,17.877629063097515,538,43.63341443633414,508,30,5.905511811023622,Ashburton,1024,8,979,7,973,5,902,3,1,1,0,0
50280,Augusta Margaret River,Western Australia,16792,19488,20170,682,3.499589490968801,3378,20.116722248689854,0,1350,1360,2710,13.905993431855501,2320,390,16.810344827586206,1324,48.85608856088561,1125,199,17.68888888888889,Augusta Margaret River,1031,9,999,8,1036,9,993,8,1,1,0,0
50350,Bassendean,Western Australia,16326,17199,17413,214,1.24425838711553,1087,6.658091387970109,0,979,888,1867,10.855282283853713,1838,29,1.5778019586507073,858,45.95607927155865,854,4,0.468384074941452,Bassendean,1015,8,1005,8,994,7,1015,9,1,1,0,0
50420,Bayswater,Western Australia,71277,76271,77383,1112,1.4579591194556254,6106,8.566578279108269,0,3884,3553,7437,9.750757168517524,7109,328,4.613869742579828,3578,48.11079736452871,3407,171,5.019078368065747,Bayswater,1018,8,1017,9,994,7,1028,9,1,1,0,0
50490,Belmont,Western Australia,43614,47634,48221,587,1.2323130537011378,4607,10.563121933324162,0,2357,2255,4612,9.682159801822229,4194,418,9.966618979494516,2257,48.937554206418035,2003,254,12.680978532201697,Belmont,987,6,985,8,953,3,995,8,1,1,0,0
50560,Beverley,Western Australia,1738,1804,1815,11,0.6097560975609756,77,4.430379746835443,0,79,97,176,9.75609756097561,187,-11,-5.88235294117647,88,50.0,102,-14,-13.725490196078432,Beverley,956,4,932,4,986,6,927,4,1,1,0,0
50630,Boddington,Western Australia,1751,1809,1840,31,1.7136539524599224,89,5.08280982295831,0,128,133,261,14.427860696517413,261,0,0.0,110,42.1455938697318,122,-12,-9.836065573770492,Boddington,976,5,944,5,1011,8,894,2,1,1,0,0
50770,Boyup Brook,Western Australia,1833,1966,2000,34,1.7293997965412005,167,9.11074740861975,0,133,136,269,13.68260427263479,236,33,13.983050847457626,134,49.814126394052046,127,7,5.511811023622047,Boyup Brook,995,7,969,7,1006,8,972,7,1,1,0,0
50840,Bridgetown-Greenbushes,Western Australia,5188,5812,5931,119,2.0474879559532,743,14.321511179645336,0,301,361,662,11.390227116311081,669,-7,-1.046337817638266,300,45.31722054380665,337,-37,-10.979228486646884,Bridgetown-Greenbushes,1000,7,962,6,1018,8,945,6,1,1,0,0
50910,Brookton,Western Australia,970,964,972,8,0.8298755186721992,2,0.2061855670103093,0,63,60,123,12.759336099585061,107,16,14.953271028037381,67,54.47154471544715,59,8,13.559322033898304,Brookton,944,3,919,3,984,6,894,2,1,1,0,0
50980,Broome,Western Australia,17976,19001,19193,192,1.0104731329930003,1217,6.770137961726746,0,1406,1435,2841,14.951844639755802,2825,16,0.5663716814159292,1361,47.9056670186554,1421,-60,-4.2223786066150595,Broome,962,4,983,8,934,2,985,8,1,1,0,0
51080,Broomehill-Tambellup,Western Australia,1098,1105,1117,12,1.085972850678733,19,1.7304189435336976,0,66,105,171,15.475113122171946,165,6,3.6363636363636362,85,49.707602339181285,90,-5,-5.555555555555555,Broomehill-Tambellup,961,4,961,6,1000,7,988,8,1,1,0,0
51120,Bruce Rock,Western Australia,1000,1067,1073,6,0.5623242736644799,73,7.3,0,53,64,117,10.965323336457358,127,-10,-7.874015748031496,62,52.991452991452995,69,-7,-10.144927536231885,Bruce Rock,979,6,958,6,989,6,952,6,1,1,0,0
51190,Bunbury,Western Australia,33769,35349,35730,381,1.0778239837053383,1961,5.807101187479641,0,1872,2031,3903,11.04133073071374,3895,8,0.20539152759948653,1860,47.655649500384314,1905,-45,-2.3622047244094486,Bunbury,944,3,921,3,951,3,907,3,1,1,0,0
51260,Busselton,Western Australia,41059,45189,46184,995,2.2018632853127973,5125,12.482038042816434,0,2698,3165,5863,12.974396423908473,5658,205,3.6231884057971016,2868,48.91693672181477,2765,103,3.725135623869801,Busselton,1019,8,985,8,1038,9,958,7,1,1,0,0
51310,Cambridge,Western Australia,29743,32139,32684,545,1.6957590466411525,2941,9.888040883569243,0,2032,2422,4454,13.858551915118703,4429,25,0.5644615037254459,2134,47.91198922317018,2174,-40,-1.8399264029438822,Cambridge,1113,10,1153,10,1107,10,1160,10,1,1,0,0
51330,Canning,Western Australia,98643,107400,109028,1628,1.515828677839851,10385,10.527863102298186,0,6296,6976,13272,12.35754189944134,12068,1204,9.976798143851507,6463,48.696503918022906,5843,620,10.610987506417937,Canning,1023,8,1024,9,1011,8,1033,9,1,1,0,0
51400,Capel,Western Australia,18492,19753,20171,418,2.1161342580873788,1679,9.07960199004975,0,1374,1596,2970,15.035690781147167,3070,-100,-3.257328990228013,1432,48.215488215488215,1501,-69,-4.596935376415723,Capel,1016,8,982,8,1051,10,948,6,1,1,0,0
51470,Carnamah,Western Australia,555,586,598,12,2.04778156996587,43,7.747747747747748,0,24,24,48,8.19112627986348,56,-8,-14.285714285714285,19,39.58333333333333,30,-11,-36.666666666666664,Carnamah,965,5,937,4,958,3,924,4,1,1,0,0
51540,Carnarvon,Western Australia,5491,5622,5655,33,0.5869797225186766,164,2.986705518120561,0,339,351,690,12.273212379935966,723,-33,-4.564315352697095,322,46.666666666666664,324,-2,-0.6172839506172839,Carnarvon,926,2,918,3,913,2,908,3,1,1,0,0
51610,Chapman Valley,Western Australia,1568,1702,1725,23,1.3513513513513513,157,10.012755102040815,0,118,133,251,14.747356051703878,279,-28,-10.03584229390681,112,44.6215139442231,149,-37,-24.832214765100673,Chapman Valley,1027,9,999,8,1057,10,959,7,1,1,0,0
51680,Chittering,Western Australia,5952,6778,7039,261,3.8506934198878726,1087,18.2627688172043,0,405,486,891,13.145470640306876,851,40,4.700352526439483,449,50.39281705948373,425,24,5.647058823529412,Chittering,1030,9,1003,8,1100,10,947,6,1,1,0,0
51710,Christmas Island,Western Australia,1758,1867,1889,22,1.1783610069630424,131,7.451649601820249,0,95,104,199,10.658810926620246,211,-12,-5.687203791469194,91,45.7286432160804,94,-3,-3.1914893617021276,Christmas Island,971,5,972,7,943,2,957,7,1,1,0,0
51750,Claremont,Western Australia,11501,12748,13091,343,2.690618136178224,1590,13.82488479262673,0,580,767,1347,10.5663633511139,1353,-6,-0.4434589800443459,664,49.29472902746845,608,56,9.210526315789473,Claremont,1081,10,1124,10,1043,10,1157,10,1,1,0,0
51820,Cockburn,Western Australia,119032,135690,139499,3809,2.8071339081730415,20467,17.194535923113115,0,8523,8087,16610,12.24113788783256,14791,1819,12.29801906564803,8148,49.05478627332932,7229,919,12.712685018674783,Cockburn,1033,9,1020,9,1042,10,1002,8,1,1,0,0
51860,Cocos (Keeling) Islands,Western Australia,608,622,626,4,0.6430868167202572,18,2.9605263157894735,0,53,47,100,16.077170418006432,79,21,26.582278481012654,47,47.0,32,15,46.875,Cocos Islands,850,1,903,2,980,5,896,2,1,1,0,0
51890,Collie,Western Australia,8956,9440,9561,121,1.281779661016949,605,6.755247878517196,0,571,573,1144,12.11864406779661,1173,-29,-2.47229326513214,516,45.10489510489511,559,-43,-7.6923076923076925,Collie,908,2,872,1,958,3,824,1,1,1,0,0
51960,Coolgardie,Western Australia,3546,3829,3878,49,1.2797074954296161,332,9.362662154540327,0,227,262,489,12.770958474797597,493,-4,-0.8113590263691683,243,49.693251533742334,243,0,0.0,Coolgardie,897,2,874,1,923,2,829,1,1,1,0,0
52030,Coorow,Western Australia,1076,1130,1149,19,1.6814159292035398,73,6.784386617100371,0,61,43,104,9.20353982300885,85,19,22.35294117647059,42,40.38461538461539,34,8,23.52941176470588,Coorow,978,5,940,4,1001,7,916,3,1,1,0,0
52100,Corrigin,Western Australia,1044,1043,1052,9,0.862895493767977,8,0.7662835249042145,0,67,65,132,12.655800575263662,139,-7,-5.0359712230215825,70,53.03030303030303,76,-6,-7.894736842105263,Corrigin,1023,8,982,8,1025,9,971,7,1,1,0,0
52170,Cottesloe,Western Australia,8345,9021,9201,180,1.995344196873961,856,10.257639304973038,0,436,517,953,10.564238997893803,1003,-50,-4.985044865403789,448,47.00944386149003,487,-39,-8.008213552361395,Cottesloe,1112,10,1157,10,1086,10,1175,10,1,1,0,0
52240,Cranbrook,Western Australia,1122,1157,1167,10,0.864304235090752,45,4.010695187165775,0,68,71,139,12.013828867761452,160,-21,-13.125,71,51.07913669064749,78,-7,-8.974358974358974,Cranbrook,964,4,951,5,987,6,965,7,1,1,0,0
52310,Cuballing,Western Australia,906,959,969,10,1.0427528675703857,63,6.95364238410596,0,35,57,92,9.593326381647548,100,-8,-8.0,51,55.434782608695656,46,5,10.869565217391305,Cuballing,972,5,946,5,1002,7,923,4,1,1,0,0
52380,Cue,Western Australia,207,234,234,0,0.0,27,13.043478260869565,0,0,7,7,2.9914529914529915,6,1,16.666666666666664,3,42.857142857142854,2,1,50.0,Cue,898,2,887,2,895,2,920,4,1,1,0,0
52450,Cunderdin,Western Australia,1358,1319,1299,-20,-1.5163002274450341,-59,-4.344624447717231,0,100,82,182,13.798332069749812,172,10,5.813953488372093,91,50.0,87,4,4.597701149425287,Cunderdin,1008,8,964,6,990,6,939,5,1,1,0,0
52520,Dalwallinu,Western Australia,1426,1469,1455,-14,-0.9530292716133424,29,2.0336605890603083,0,99,115,214,14.56773315180395,203,11,5.41871921182266,116,54.20560747663551,103,13,12.62135922330097,Dalwallinu,1056,10,1024,9,1039,9,1011,9,1,1,0,0
52590,Dandaragan,Western Australia,3395,3935,4089,154,3.9135959339263025,694,20.44182621502209,0,222,191,413,10.495552731893266,344,69,20.058139534883722,180,43.583535108958834,149,31,20.80536912751678,Dandaragan,995,7,961,6,1014,8,925,4,1,1,0,0
52660,Dardanup,Western Australia,14931,16005,16280,275,1.718213058419244,1349,9.034893845020427,0,1099,1077,2176,13.59575132771009,2089,87,4.164672091910005,1044,47.97794117647059,1017,27,2.6548672566371683,Dardanup,1006,8,961,6,1040,9,906,3,1,1,0,0
52730,Denmark,Western Australia,6398,6734,6858,124,1.8414018414018414,460,7.189746795873711,0,410,452,862,12.800712800712802,829,33,3.9806996381182147,413,47.91183294663573,396,17,4.292929292929292,Denmark,1003,7,981,7,1003,7,1014,9,1,1,0,0
52800,Derby-West Kimberley,Western Australia,8362,8570,8683,113,1.3185530921820303,321,3.8387945467591487,0,658,662,1320,15.402567094515755,1339,-19,-1.4189693801344287,651,49.31818181818181,681,-30,-4.405286343612335,Derby-West Kimberley,734,1,818,1,731,1,899,2,1,1,0,0
52870,Donnybrook-Balingup,Western Australia,6205,6608,6698,90,1.3619854721549636,493,7.9452054794520555,0,396,367,763,11.546610169491526,730,33,4.52054794520548,364,47.706422018348626,363,1,0.27548209366391185,Donnybrook-Balingup,987,6,961,6,1025,9,934,5,1,1,0,0
52940,Dowerin,Western Australia,726,739,745,6,0.8119079837618403,19,2.6170798898071626,0,48,55,103,13.937753721244924,104,-1,-0.9615384615384616,49,47.57281553398058,52,-3,-5.769230769230769,Dowerin,983,6,970,7,977,5,992,8,1,1,0,0
53010,Dumbleyung,Western Australia,699,706,715,9,1.2747875354107647,16,2.28898426323319,0,61,38,99,14.022662889518415,75,24,32.0,54,54.54545454545454,38,16,42.10526315789473,Dumbleyung,1009,8,989,8,1014,8,1007,9,1,1,0,0
53080,Dundas,Western Australia,698,738,735,-3,-0.40650406504065045,37,5.300859598853868,0,32,22,54,7.317073170731707,63,-9,-14.285714285714285,21,38.88888888888889,32,-11,-34.375,Dundas,855,1,851,1,872,1,850,1,1,1,0,0
53150,East Fremantle,Western Australia,8035,8404,8426,22,0.2617801047120419,391,4.866210329807094,0,474,534,1008,11.99428843407901,1080,-72,-6.666666666666667,537,53.273809523809526,563,-26,-4.618117229129663,East Fremantle,1082,10,1109,10,1066,10,1123,10,1,1,0,0
53220,East Pilbara,Western Australia,10533,10525,10663,138,1.3111638954869358,130,1.2342162726668566,0,544,472,1016,9.653206650831354,1069,-53,-4.9579045837231055,474,46.653543307086615,534,-60,-11.235955056179774,East Pilbara,939,3,946,5,893,2,929,5,1,1,0,0
53290,Esperance,Western Australia,14325,14618,14663,45,0.3078396497468874,338,2.3595113438045376,0,936,1000,1936,13.243945820221645,1992,-56,-2.8112449799196786,952,49.17355371900827,990,-38,-3.8383838383838382,Esperance,995,7,960,6,1002,7,926,4,1,1,0,0
53360,Exmouth,Western Australia,3151,3592,3670,78,2.1714922048997773,519,16.470961599492227,0,258,220,478,13.307349665924276,378,100,26.455026455026452,230,48.11715481171548,182,48,26.373626373626376,Exmouth,1038,9,1002,8,997,7,946,6,1,1,0,0
53430,Fremantle,Western Australia,32439,36579,37542,963,2.632658082506356,5103,15.73106445944696,0,1957,1769,3726,10.186172393996555,2944,782,26.5625,1802,48.36285560923242,1463,339,23.171565276828435,Fremantle,1031,9,1054,9,991,7,1093,10,1,1,0,0
53570,Gingin,Western Australia,5611,6364,6585,221,3.4726587052168445,974,17.358759579397613,0,301,306,607,9.538026398491514,583,24,4.1166380789022305,279,45.96375617792422,305,-26,-8.524590163934425,Gingin,975,5,947,5,1018,8,910,3,1,1,0,0
53640,Gnowangerup,Western Australia,1250,1278,1295,17,1.330203442879499,45,3.5999999999999996,0,99,75,174,13.615023474178404,166,8,4.819277108433735,80,45.97701149425287,77,3,3.896103896103896,Gnowangerup,996,7,973,7,1004,8,974,7,1,1,0,0
53710,Goomalling,Western Australia,997,994,1002,8,0.8048289738430584,5,0.5015045135406219,0,62,71,133,13.380281690140844,133,0,0.0,71,53.383458646616546,64,7,10.9375,Goomalling,998,7,959,6,997,7,940,5,1,1,0,0
53780,Gosnells,Western Australia,129685,141775,144475,2700,1.9044260271557045,14790,11.404557196283301,0,9966,9603,19569,13.802856639040733,17679,1890,10.690649923638215,9586,48.98564055393735,8603,983,11.426246658142508,Gosnells,975,5,962,6,1010,8,944,6,1,1,0,0
53800,Greater Geraldton,Western Australia,40641,42505,42882,377,0.8869544759440067,2241,5.514135971063705,0,2822,3026,5848,13.758381366898012,5638,210,3.7247250798155376,2897,49.53830369357045,2789,108,3.872355683040516,Greater Geraldton,965,5,941,4,984,6,917,4,1,1,0,0
53920,Halls Creek,Western Australia,3932,4235,4245,10,0.23612750885478156,313,7.960325534079349,0,312,371,683,16.127508854781585,643,40,6.2208398133748055,312,45.68081991215227,301,11,3.6544850498338874,Halls Creek,540,1,702,1,572,1,836,1,1,1,0,0
53990,Harvey,Western Australia,29076,31613,32208,595,1.8821370954986871,3132,10.771770532397854,0,2119,2307,4426,14.000569386012085,4337,89,2.052109753285681,2087,47.15318572074108,2061,26,1.2615235322658904,Harvey,998,7,960,6,1042,10,907,3,1,1,0,0
54060,Irwin,Western Australia,3730,3881,3899,18,0.4637979902087091,169,4.53083109919571,0,147,223,370,9.533625354290132,457,-87,-19.037199124726477,199,53.783783783783775,232,-33,-14.224137931034484,Irwin,966,5,931,4,984,6,898,2,1,1,0,0
54130,Jerramungup,Western Australia,1162,1220,1248,28,2.2950819672131146,86,7.401032702237521,0,93,80,173,14.18032786885246,157,16,10.191082802547772,85,49.13294797687861,75,10,13.333333333333334,Jerramungup,1025,8,996,8,1020,9,995,8,1,1,0,0
54170,Joondalup,Western Australia,164044,174154,176595,2441,1.4016330374266452,12551,7.650996074223988,0,10804,11818,22622,12.989652835995727,21783,839,3.851627415874765,11018,48.7048006365485,10536,482,4.574791192103265,Joondalup,1072,10,1061,9,1085,10,1038,9,1,1,0,0
54200,Kalamunda,Western Australia,60337,64040,65007,967,1.5099937539038102,4670,7.739861113412997,0,4072,4330,8402,13.11992504684572,8152,250,3.0667320902845927,4073,48.476553201618664,3959,114,2.8795150290477394,Kalamunda,1034,9,1009,9,1053,10,977,8,1,1,0,0
54280,Kalgoorlie-Boulder,Western Australia,30590,31195,31268,73,0.23401186087514025,678,2.216410591696633,0,2378,2126,4504,14.438211251803173,4422,82,1.854364540931705,2147,47.668738898756665,2172,-25,-1.1510128913443831,Kalgoorlie-Boulder,1008,8,980,7,1010,8,920,4,1,1,0,0
54310,Karratha,Western Australia,23245,24878,25429,551,2.21480826432993,2184,9.395568939556894,0,2159,1916,4075,16.379934078302114,3731,344,9.22004824443849,1960,48.09815950920245,1790,170,9.497206703910614,Karratha,1052,10,1035,9,1019,9,956,6,1,1,0,0
54340,Katanning,Western Australia,4205,4319,4345,26,0.6019912016670526,140,3.329369797859691,0,291,294,585,13.544802037508683,567,18,3.1746031746031744,291,49.743589743589745,260,31,11.923076923076923,Katanning,907,2,898,2,943,3,876,1,1,1,0,0
54410,Kellerberrin,Western Australia,1180,1162,1146,-16,-1.376936316695353,-34,-2.8813559322033897,0,54,60,114,9.81067125645439,127,-13,-10.236220472440944,52,45.614035087719294,55,-3,-5.454545454545454,Kellerberrin,920,2,899,2,941,2,900,2,1,1,0,0
54480,Kent,Western Australia,511,529,539,10,1.890359168241966,28,5.47945205479452,0,28,40,68,12.854442344045369,77,-9,-11.688311688311687,33,48.529411764705884,35,-2,-5.714285714285714,Kent,1072,10,1034,9,1041,10,1019,9,1,1,0,0
54550,Kojonup,Western Australia,1964,1974,1985,11,0.5572441742654508,21,1.0692464358452138,0,130,148,278,14.083080040526848,280,-2,-0.7142857142857143,145,52.15827338129496,150,-5,-3.3333333333333335,Kojonup,997,7,979,7,999,7,983,8,1,1,0,0
54620,Kondinin,Western Australia,876,865,874,9,1.0404624277456647,-2,-0.228310502283105,0,53,52,105,12.138728323699421,108,-3,-2.7777777777777777,48,45.714285714285715,47,1,2.127659574468085,Kondinin,978,5,959,6,993,7,958,7,1,1,0,0
54690,Koorda,Western Australia,382,373,377,4,1.0723860589812333,-5,-1.3089005235602094,0,24,21,45,12.064343163538874,51,-6,-11.76470588235294,25,55.55555555555556,21,4,19.047619047619047,Koorda,980,6,946,5,983,6,901,3,1,1,0,0
54760,Kulin,Western Australia,792,800,805,5,0.625,13,1.6414141414141417,0,53,69,122,15.25,116,6,5.172413793103448,61,50.0,56,5,8.928571428571429,Kulin,1045,9,1024,9,1047,10,1023,9,1,1,0,0
54830,Kwinana,Western Australia,46243,54906,57422,2516,4.582377153680836,11179,24.17446964946046,0,4107,3635,7742,14.100462608822351,6332,1410,22.267845862286798,3787,48.91500904159132,3030,757,24.983498349834985,Kwinana,971,5,949,5,1003,7,925,4,1,1,0,0
54900,Lake Grace,Western Australia,1305,1325,1337,12,0.9056603773584906,32,2.452107279693487,0,106,54,160,12.075471698113208,162,-2,-1.2345679012345678,69,43.125,86,-17,-19.767441860465116,Lake Grace,1051,9,1022,9,1040,9,1013,9,1,1,0,0
54970,Laverton,Western Australia,1377,1451,1441,-10,-0.6891798759476223,64,4.647785039941903,0,58,44,102,7.0296347346657475,97,5,5.154639175257731,42,41.17647058823529,53,-11,-20.754716981132077,Laverton,751,1,813,1,738,1,904,3,1,1,0,0
55040,Leonora,Western Australia,1661,1745,1724,-21,-1.2034383954154728,63,3.7928958458759787,0,120,68,188,10.773638968481375,170,18,10.588235294117647,96,51.06382978723404,79,17,21.518987341772153,Leonora,948,3,924,3,922,2,879,1,1,1,0,0
55110,Mandurah,Western Australia,91112,103346,106827,3481,3.368296789425812,15715,17.248002458512598,0,5842,6081,11923,11.536972887194473,10928,995,9.105051244509516,6011,50.4151639687998,5367,644,11.999254704676728,Mandurah,959,4,936,4,998,7,912,3,1,1,0,0
55180,Manjimup,Western Australia,9317,9536,9621,85,0.8913590604026845,304,3.262852849629709,0,527,542,1069,11.21015100671141,1128,-59,-5.2304964539007095,535,50.046772684752106,560,-25,-4.464285714285714,Manjimup,959,4,928,4,982,5,908,3,1,1,0,0
55250,Meekatharra,Western Australia,1213,1292,1292,0,0.0,79,6.512778235779059,0,69,40,109,8.436532507739939,121,-12,-9.917355371900827,53,48.62385321100918,63,-10,-15.873015873015872,Meekatharra,848,1,871,1,831,1,896,2,1,1,0,0
55320,Melville,Western Australia,106124,113872,115945,2073,1.8204650836026415,9821,9.254268591459047,0,6608,7160,13768,12.09076858226781,12880,888,6.894409937888199,6702,48.678094131319,6301,401,6.364069195365815,Melville,1070,10,1081,10,1058,10,1086,10,1,1,0,0
55390,Menzies,Western Australia,553,581,578,-3,-0.5163511187607573,25,4.520795660036167,0,14,9,23,3.9586919104991396,37,-14,-37.83783783783784,16,69.56521739130434,15,1,6.666666666666667,Menzies,860,1,858,1,825,1,870,1,1,1,0,0
55460,Merredin,Western Australia,3254,3347,3365,18,0.537795040334628,111,3.4111862323294404,0,193,260,453,13.53450851508814,433,20,4.618937644341801,234,51.65562913907284,208,26,12.5,Merredin,971,5,937,4,971,4,914,3,1,1,0,0
55530,Mingenew,Western Australia,421,422,428,6,1.4218009478672986,7,1.66270783847981,0,32,25,57,13.507109004739338,42,15,35.714285714285715,32,56.14035087719298,15,17,113.33333333333333,Mingenew,1007,8,970,7,1028,9,943,6,1,1,0,0
55600,Moora,Western Australia,2380,2441,2421,-20,-0.8193363375665711,41,1.7226890756302522,0,131,171,302,12.371978697255223,359,-57,-15.87743732590529,139,46.026490066225165,191,-52,-27.225130890052355,Moora,959,4,935,4,975,5,918,4,1,1,0,0
55670,Morawa,Western Australia,668,690,703,13,1.884057971014493,35,5.239520958083832,0,42,43,85,12.318840579710146,105,-20,-19.047619047619047,36,42.35294117647059,46,-10,-21.73913043478261,Morawa,943,3,929,4,945,3,932,5,1,1,0,0
55740,Mosman Park,Western Australia,9394,10338,10482,144,1.3929193267556588,1088,11.581860762188631,0,528,672,1200,11.607661056297156,1185,15,1.2658227848101267,643,53.583333333333336,669,-26,-3.8863976083707024,Mosman Park,1061,10,1107,10,1047,10,1135,10,1,1,0,0
55810,Mount Magnet,Western Australia,643,698,706,8,1.146131805157593,63,9.79782270606532,0,55,57,112,16.045845272206304,82,30,36.58536585365854,53,47.32142857142857,37,16,43.24324324324324,Mount Magnet,864,1,858,1,890,2,898,2,1,1,0,0
55880,Mount Marshall,Western Australia,479,467,469,2,0.4282655246252677,-10,-2.0876826722338206,0,36,32,68,14.5610278372591,54,14,25.925925925925924,34,50.0,22,12,54.54545454545454,Mount Marshall,980,6,973,7,986,6,990,8,1,1,0,0
55950,Mukinbudin,Western Australia,580,601,594,-7,-1.1647254575707155,14,2.413793103448276,0,42,32,74,12.312811980033278,72,2,2.7777777777777777,26,35.13513513513514,33,-7,-21.21212121212121,Mukinbudin,1025,8,996,8,1023,9,990,8,1,1,0,0
56090,Mundaring,Western Australia,40360,42434,43577,1143,2.693594758919734,3217,7.970763131813677,0,2375,2541,4916,11.585049724277702,4855,61,1.2564366632337796,2342,47.640358014646054,2333,9,0.3857693956279469,Mundaring,1042,9,1020,9,1072,10,992,8,1,1,0,0
56160,Murchison,Western Australia,117,108,111,3,2.7777777777777777,-6,-5.128205128205128,0,7,6,13,12.037037037037036,19,-6,-31.57894736842105,10,76.92307692307693,7,3,42.857142857142854,Murchison,834,1,885,2,832,1,1013,9,1,1,0,0
56230,Murray,Western Australia,18274,20633,21447,814,3.9451364319294338,3173,17.363467221188575,0,1185,1376,2561,12.412155285222703,2349,212,9.025117071094083,1221,47.676688793440064,1203,18,1.4962593516209477,Murray,962,4,931,4,1026,9,884,2,1,1,0,0
56300,Nannup,Western Australia,1547,1700,1743,43,2.5294117647058822,196,12.669683257918551,0,67,91,158,9.294117647058824,162,-4,-2.4691358024691357,79,50.0,88,-9,-10.227272727272728,Nannup,978,5,955,6,988,6,952,6,1,1,0,0
56370,Narembeen,Western Australia,829,848,853,5,0.589622641509434,24,2.8950542822677927,0,70,34,104,12.264150943396226,87,17,19.54022988505747,49,47.11538461538461,46,3,6.521739130434782,Narembeen,1028,9,997,8,1035,9,969,7,1,1,0,0
56460,Narrogin,Western Australia,4987,5043,4989,-54,-1.0707911957168352,2,0.04010427110487267,0,253,337,590,11.699385286535792,677,-87,-12.850812407680944,294,49.83050847457628,342,-48,-14.035087719298245,Narrogin,964,4,942,5,955,3,927,4,1,1,0,0
56580,Nedlands,Western Australia,23075,25290,25711,421,1.664689600632661,2636,11.42361863488624,0,1473,1833,3306,13.072360616844602,3299,7,0.2121855107608366,1595,48.24561403508772,1550,45,2.903225806451613,Nedlands,1115,10,1159,10,1108,10,1176,10,1,1,0,0
56620,Ngaanyatjarraku,Western Australia,1502,1488,1483,-5,-0.33602150537634407,-19,-1.2649800266311584,0,91,104,195,13.104838709677418,244,-49,-20.081967213114755,98,50.256410256410255,119,-21,-17.647058823529413,Ngaanyatjarraku,509,1,717,1,541,1,885,2,1,1,0,0
56730,Northam,Western Australia,11594,12452,12758,306,2.4574365563764857,1164,10.039675694324652,0,774,822,1596,12.817218117571475,1507,89,5.90577305905773,761,47.68170426065163,743,18,2.4226110363391657,Northam,938,3,914,3,974,5,892,2,1,1,0,0
56790,Northampton,Western Australia,3279,3419,3459,40,1.16993272886809,180,5.489478499542543,0,174,209,383,11.202105878911963,380,3,0.7894736842105263,174,45.43080939947781,178,-4,-2.247191011235955,Northampton,954,4,923,3,983,6,892,2,1,1,0,0
56860,Nungarin,Western Australia,261,264,265,1,0.3787878787878788,4,1.532567049808429,0,13,16,29,10.984848484848484,25,4,16.0,13,44.827586206896555,10,3,30.0,Nungarin,979,6,960,6,979,5,961,7,1,1,0,0
56930,Peppermint Grove,Western Australia,1661,1793,1828,35,1.9520356943669825,167,10.054184226369657,0,71,123,194,10.819854991634132,235,-41,-17.4468085106383,111,57.21649484536082,151,-40,-26.490066225165563,Peppermint Grove,1111,10,1161,10,1120,10,1161,10,1,1,0,0
57000,Perenjori,Western Australia,632,659,665,6,0.9104704097116844,33,5.2215189873417724,0,29,42,71,10.773899848254933,67,4,5.970149253731343,34,47.88732394366197,28,6,21.428571428571427,Perenjori,1044,9,1023,9,1023,9,1031,9,1,1,0,0
57080,Perth,Western Australia,29588,34952,35673,721,2.0628290226596473,6085,20.565769906718938,0,607,420,1027,2.9383154039826045,957,70,7.314524555903866,516,50.243427458617326,469,47,10.021321961620469,Perth,1040,9,1081,10,901,2,1128,10,1,1,0,0
57140,Pingelly,Western Australia,1086,1094,1108,14,1.2797074954296161,22,2.0257826887661143,0,54,57,111,10.146252285191956,127,-16,-12.598425196850393,44,39.63963963963964,55,-11,-20.0,Pingelly,907,2,900,2,931,2,917,4,1,1,0,0
57210,Plantagenet,Western Australia,5410,5767,5793,26,0.450840991850182,383,7.079482439926063,0,317,369,686,11.895266169585573,695,-9,-1.2949640287769784,329,47.95918367346938,312,17,5.448717948717949,Plantagenet,949,3,929,4,989,6,935,5,1,1,0,0
57280,Port Hedland,Western Australia,16115,17564,17743,179,1.0191300387155546,1628,10.102389078498293,0,1420,1226,2646,15.064905488499203,2392,254,10.618729096989966,1290,48.75283446712018,1202,88,7.321131447587355,Port Hedland,1011,8,997,8,972,5,933,5,1,1,0,0
57350,Quairading,Western Australia,984,970,956,-14,-1.443298969072165,-28,-2.8455284552845526,0,65,64,129,13.29896907216495,133,-4,-3.007518796992481,71,55.03875968992248,70,1,1.4285714285714286,Quairading,964,4,941,4,981,5,939,5,1,1,0,0
57420,Ravensthorpe,Western Australia,2023,2294,2309,15,0.6538796861377506,286,14.137419673751852,0,165,133,298,12.990409764603314,225,73,32.44444444444444,161,54.0268456375839,112,49,43.75,Ravensthorpe,1002,7,970,7,983,6,949,6,1,1,0,0
57490,Rockingham,Western Australia,137931,154956,159934,4978,3.212524845762668,22003,15.952178988044746,0,10760,11249,22009,14.203386767856681,20510,1499,7.308629936616285,10675,48.50288518333409,10042,633,6.3035251941844255,Rockingham,989,6,962,6,1025,9,929,4,1,1,0,0
57630,Sandstone,Western Australia,109,116,118,2,1.7241379310344827,9,8.256880733944955,0,1,0,1,0.8620689655172413,0,1,,1,100.0,0,1,,Sandstone,954,4,906,2,960,3,870,1,1,1,0,0
57700,Serpentine-Jarrahdale,Western Australia,32437,38793,40531,1738,4.480189724950378,8094,24.95298578783488,0,3308,3035,6343,16.35088804681257,4992,1351,27.063301282051285,3084,48.62052656471701,2421,663,27.385377942998762,Serpentine-Jarrahdale,1028,9,995,8,1090,10,935,5,1,1,0,0
57770,Shark Bay,Western Australia,1041,1171,1194,23,1.964133219470538,153,14.697406340057636,0,59,50,109,9.308283518360376,107,2,1.8691588785046727,45,41.284403669724774,51,-6,-11.76470588235294,Shark Bay,970,5,942,5,935,2,915,3,1,1,0,0
57840,South Perth,Western Australia,45072,48151,48745,594,1.2336192394758156,3673,8.149183528576499,0,2182,2161,4343,9.019542688625366,4418,-75,-1.6976007243096423,2002,46.09716785632052,2040,-38,-1.8627450980392157,South Perth,1066,10,1086,10,1015,8,1114,10,1,1,0,0
57910,Stirling,Western Australia,232404,250869,254821,3952,1.575324173174047,22417,9.645703172062444,0,13640,13351,26991,10.759001710055847,24802,2189,8.825901137005081,13021,48.24200659479085,12145,876,7.212844792095513,Stirling,1027,9,1035,9,1005,8,1048,9,1,1,0,0
57980,Subiaco,Western Australia,17941,19609,20038,429,2.1877709215156305,2097,11.688311688311687,0,975,1030,2005,10.224896731092866,1955,50,2.557544757033248,987,49.22693266832918,956,31,3.2426778242677825,Subiaco,1079,10,1119,10,1009,8,1167,10,1,1,0,0
58050,Swan,Western Australia,153844,179896,187090,7194,3.9989771868190513,33246,21.610202542835598,0,12989,12326,25315,14.0720193889803,21317,3998,18.754984284843083,12220,48.271775627098556,10298,1922,18.663818217129542,Swan,995,7,974,7,1033,9,944,6,1,1,0,0
58190,Tammin,Western Australia,399,399,395,-4,-1.0025062656641603,-4,-1.0025062656641603,0,18,29,47,11.779448621553884,65,-18,-27.692307692307693,26,55.319148936170215,32,-6,-18.75,Tammin,959,4,942,5,974,5,948,6,1,1,0,0
58260,Three Springs,Western Australia,582,598,606,8,1.3377926421404682,24,4.123711340206185,0,46,37,83,13.879598662207357,72,11,15.277777777777779,32,38.55421686746988,38,-6,-15.789473684210526,Three Springs,963,4,947,5,964,4,955,6,1,1,0,0
58330,Toodyay,Western Australia,4611,5098,5251,153,3.0011769321302473,640,13.879852526566905,0,227,260,487,9.552765790506081,471,16,3.397027600849257,233,47.84394250513347,216,17,7.87037037037037,Toodyay,986,6,952,5,1018,8,931,5,1,1,0,0
58400,Trayning,Western Australia,317,309,304,-5,-1.6181229773462782,-13,-4.100946372239748,0,7,11,18,5.825242718446602,36,-18,-50.0,11,61.111111111111114,16,-5,-31.25,Trayning,909,2,896,2,920,2,952,6,1,1,0,0
58470,Upper Gascoyne,Western Australia,201,204,206,2,0.9803921568627451,5,2.4875621890547266,0,14,17,31,15.196078431372548,37,-6,-16.216216216216218,15,48.38709677419355,16,-1,-6.25,Upper Gascoyne,910,2,920,3,805,1,960,7,1,1,0,0
58510,Victoria Park,Western Australia,38260,42564,43333,769,1.806691100460483,5073,13.259278619968637,0,1870,1591,3461,8.13128465369796,3051,410,13.438216978039987,1674,48.36752383704132,1484,190,12.80323450134771,Victoria Park,1030,9,1042,9,965,4,1071,9,1,1,0,0
58540,Victoria Plains,Western Australia,847,835,825,-10,-1.1976047904191618,-22,-2.5974025974025974,0,51,52,103,12.335329341317365,104,-1,-0.9615384615384616,61,59.22330097087378,57,4,7.017543859649122,Victoria Plains,1028,9,1004,8,1031,9,978,8,1,1,0,0
58570,Vincent,Western Australia,37717,41707,42392,685,1.6424101469777255,4675,12.394941273165946,0,1878,1799,3677,8.816265854652697,3309,368,11.121184647929889,1791,48.708186021212946,1588,203,12.78337531486146,Vincent,1068,10,1097,10,1000,7,1126,10,1,1,0,0
58610,Wagin,Western Australia,1781,1830,1841,11,0.6010928961748634,60,3.3688938798427848,0,91,131,222,12.131147540983607,222,0,0.0,119,53.6036036036036,109,10,9.174311926605505,Wagin,947,3,921,3,970,4,906,3,1,1,0,0
58680,Wandering,Western Australia,520,549,558,9,1.639344262295082,38,7.307692307692308,0,29,28,57,10.382513661202186,50,7,14.000000000000002,30,52.63157894736842,22,8,36.36363636363637,Wandering,1004,7,982,8,1038,9,962,7,1,1,0,0
58760,Wanneroo,Western Australia,212823,238616,246147,7531,3.156116941026587,33324,15.658082068197515,0,17122,16970,34092,14.287390619237602,31386,2706,8.621678455362265,16579,48.630177167663966,15214,1365,8.971999474168529,Wanneroo,1005,8,988,8,1048,10,961,7,1,1,0,0
58820,Waroona,Western Australia,4314,4556,4665,109,2.392449517120281,351,8.136300417246176,0,244,299,543,11.918349429323968,515,28,5.436893203883495,267,49.171270718232044,264,3,1.1363636363636365,Waroona,936,3,908,2,999,7,860,1,1,1,0,0
58890,West Arthur,Western Australia,786,793,801,8,1.008827238335435,15,1.9083969465648856,0,40,51,91,11.475409836065573,104,-13,-12.5,43,47.25274725274725,49,-6,-12.244897959183673,West Arthur,1028,9,1007,8,1017,8,1008,9,1,1,0,0
59030,Westonia,Western Australia,268,248,250,2,0.8064516129032258,-18,-6.7164179104477615,0,6,10,16,6.451612903225806,24,-8,-33.33333333333333,9,56.25,13,-4,-30.76923076923077,Westonia,1030,9,1004,8,984,6,997,8,1,1,0,0
59100,Wickepin,Western Australia,719,713,721,8,1.1220196353436185,2,0.27816411682892905,0,49,62,111,15.568022440392706,107,4,3.7383177570093453,58,52.25225225225225,53,5,9.433962264150944,Wickepin,994,7,967,7,1009,8,959,7,1,1,0,0
59170,Williams,Western Australia,1035,1069,1081,12,1.1225444340505144,46,4.444444444444445,0,76,87,163,15.247895229186156,136,27,19.852941176470587,75,46.012269938650306,58,17,29.310344827586203,Williams,1030,9,1008,9,1039,9,1006,9,1,1,0,0
59250,Wiluna,Western Australia,587,565,567,2,0.35398230088495575,-20,-3.4071550255536627,0,22,32,54,9.557522123893806,67,-13,-19.402985074626866,34,62.96296296296296,32,2,6.25,Wiluna,773,1,821,1,741,1,954,6,1,1,0,0
59310,Wongan-Ballidu,Western Australia,1341,1347,1357,10,0.7423904974016332,16,1.193139448173005,0,98,78,176,13.066072754268745,192,-16,-8.333333333333332,83,47.159090909090914,95,-12,-12.631578947368421,Wongan-Ballidu,963,4,936,4,971,4,936,5,1,1,0,0
59320,Woodanilling,Western Australia,461,494,495,1,0.20242914979757085,34,7.37527114967462,0,35,35,70,14.17004048582996,61,9,14.754098360655737,34,48.57142857142857,25,9,36.0,Woodanilling,1003,7,982,8,994,7,1015,9,1,1,0,0
59330,Wyalkatchem,Western Australia,492,494,493,-1,-0.20242914979757085,1,0.20325203252032523,0,16,16,32,6.477732793522267,42,-10,-23.809523809523807,10,31.25,22,-12,-54.54545454545454,Wyalkatchem,899,2,898,2,902,2,942,5,1,1,0,0
59340,Wyndham-East Kimberley,Western Australia,7904,8380,8441,61,0.7279236276849642,537,6.794028340080972,0,630,668,1298,15.489260143198091,1183,115,9.721048182586644,657,50.61633281972265,624,33,5.288461538461538,Wyndham-East Kimberley,899,2,934,4,860,1,965,7,1,1,0,0
59350,Yalgoo,Western Australia,358,355,356,1,0.28169014084507044,-2,-0.5586592178770949,0,10,2,12,3.3802816901408446,20,-8,-40.0,4,33.33333333333333,5,-1,-20.0,Yalgoo,900,2,870,1,870,1,853,1,1,1,0,0
59360,Yilgarn,Western Australia,1208,1215,1204,-11,-0.9053497942386831,-4,-0.33112582781456956,0,61,39,100,8.23045267489712,99,1,1.0101010101010102,54,54.0,50,4,8.0,Yilgarn,973,5,955,6,965,4,916,4,1,1,0,0
59370,York,Western Australia,3567,3661,3677,16,0.4370390603660202,110,3.083823941687693,0,170,212,382,10.434307566238733,405,-23,-5.679012345679013,196,51.30890052356021,204,-8,-3.9215686274509802,York,968,5,938,4,980,5,934,5,1,1,0,0
60210,Break O'Day,Tasmania,6659,7146,7230,84,1.1754827875734677,571,8.574861090253792,0,297,353,650,9.095997760985167,617,33,5.348460291734198,300,46.15384615384615,302,-2,-0.6622516556291391,Break O'Day,911,2,881,2,930,2,896,2,1,1,0,0
60410,Brighton,Tasmania,18501,20324,20527,203,0.9988191300925015,2026,10.950759418409815,0,1544,1444,2988,14.701830348356623,2824,164,5.807365439093484,1448,48.460508701472556,1372,76,5.539358600583091,Brighton,885,1,862,1,924,2,849,1,1,1,0,0
60610,Burnie,Tasmania,20171,20381,20420,39,0.19135469309651146,249,1.2344454910515095,0,1231,1292,2523,12.379176684166627,2511,12,0.4778972520908005,1265,50.138723741577486,1280,-15,-1.171875,Burnie,920,2,895,2,924,2,890,2,1,1,0,0
60810,Central Coast (Tas.),Tasmania,22894,23325,23378,53,0.2272240085744909,484,2.114091028217,0,1192,1367,2559,10.971061093247588,2702,-143,-5.292376017764619,1252,48.92536146932395,1295,-43,-3.3204633204633205,Central Coast (Tas.),958,4,923,3,969,4,914,3,1,1,0,0
61010,Central Highlands (Tas.),Tasmania,2473,2594,2603,9,0.3469545104086353,130,5.256773150020218,0,117,127,244,9.406322282189668,267,-23,-8.614232209737828,141,57.786885245901644,131,10,7.633587786259542,Central Highlands (Tas.),911,2,888,2,948,3,886,2,1,1,0,0
61210,Circular Head,Tasmania,8207,8288,8286,-2,-0.02413127413127413,79,0.96259290849275,0,487,566,1053,12.70511583011583,1114,-61,-5.475763016157989,501,47.57834757834758,543,-42,-7.734806629834254,Circular Head,943,3,908,2,966,4,884,2,1,1,0,0
61410,Clarence,Tasmania,60771,63850,64119,269,0.42129992169146435,3348,5.5092066939823265,0,3659,3615,7274,11.392325763508222,7221,53,0.7339703642154827,3553,48.84520208963431,3453,100,2.8960324355632783,Clarence,1009,8,989,8,992,7,992,8,1,1,0,0
61510,Derwent Valley,Tasmania,10926,11430,11513,83,0.726159230096238,587,5.37250594911221,0,633,724,1357,11.872265966754156,1434,-77,-5.369595536959554,669,49.299926308032425,693,-24,-3.463203463203463,Derwent Valley,913,2,879,2,950,3,856,1,1,1,0,0
61610,Devonport,Tasmania,26566,26978,26994,16,0.05930758395729854,428,1.6110818339230595,0,1459,1618,3077,11.405589739787976,3310,-233,-7.039274924471299,1533,49.82125446863828,1622,-89,-5.487053020961776,Devonport,906,2,883,2,920,2,884,2,1,1,0,0
61810,Dorset,Tasmania,6863,7006,7059,53,0.756494433342849,196,2.855893923939968,0,352,410,762,10.876391664287754,840,-78,-9.285714285714286,363,47.63779527559055,398,-35,-8.793969849246231,Dorset,932,3,900,2,957,3,887,2,1,1,0,0
62010,Flinders (Tas.),Tasmania,937,940,924,-16,-1.702127659574468,-13,-1.3874066168623265,0,35,40,75,7.9787234042553195,80,-5,-6.25,42,56.00000000000001,37,5,13.513513513513514,Flinders (Tas.),963,4,947,5,941,2,968,7,1,1,0,0
62210,George Town,Tasmania,7186,7367,7420,53,0.7194244604316548,234,3.2563317561925964,0,396,391,787,10.68277453508891,847,-60,-7.083825265643448,378,48.03049555273189,416,-38,-9.134615384615383,George Town,860,1,846,1,906,2,846,1,1,1,0,0
62410,Glamorgan-Spring Bay,Tasmania,4972,5303,5352,49,0.9240052800301716,380,7.642799678197908,0,169,179,348,6.562323213275505,352,-4,-1.1363636363636365,164,47.12643678160919,171,-7,-4.093567251461988,Glamorgan-Spring Bay,950,4,924,3,962,4,920,4,1,1,0,0
62610,Glenorchy,Tasmania,50652,50687,50450,-237,-0.46757551245881585,-202,-0.39879965253099586,0,2529,2807,5336,10.527354153925069,5917,-581,-9.819165117458171,2583,48.407046476761614,2890,-307,-10.622837370242214,Glenorchy,927,2,911,3,914,2,918,4,1,1,0,0
62810,Hobart,Tasmania,56208,55997,55859,-138,-0.24644177366644643,-349,-0.6209080557927696,0,2339,2690,5029,8.980838259192456,5359,-330,-6.157865273371898,2422,48.16066812487572,2618,-196,-7.4866310160427805,Hobart,1046,9,1062,10,970,4,1104,10,1,1,0,0
63010,Huon Valley,Tasmania,18289,19712,19893,181,0.9182224025974026,1604,8.770299086882826,0,1086,1186,2272,11.525974025974026,2205,67,3.0385487528344672,1089,47.931338028169016,1077,12,1.1142061281337048,Huon Valley,974,5,946,5,985,6,958,7,1,1,0,0
63210,Kentish,Tasmania,6583,6844,6866,22,0.3214494447691409,283,4.298951845663072,0,332,372,704,10.286382232612509,768,-64,-8.333333333333332,329,46.73295454545455,367,-38,-10.354223433242508,Kentish,953,4,918,3,986,6,898,2,1,1,0,0
63410,King Island,Tasmania,1639,1659,1647,-12,-0.7233273056057866,8,0.4881025015253203,0,98,102,200,12.055455093429778,184,16,8.695652173913043,104,52.0,98,6,6.122448979591836,King Island,993,7,955,6,987,6,941,5,1,1,0,0
63610,Kingborough,Tasmania,40052,41479,41628,149,0.3592179175004219,1576,3.934884649955058,0,2418,2679,5097,12.288145808722486,5261,-164,-3.117278084014446,2486,48.773788503041004,2535,-49,-1.9329388560157792,Kingborough,1038,9,1020,9,1013,8,1039,9,1,1,0,0
63810,Latrobe (Tas.),Tasmania,12301,13148,13264,116,0.8822634621235168,963,7.8286318185513375,0,638,716,1354,10.29814420444174,1362,-8,-0.5873715124816447,636,46.971935007385525,664,-28,-4.216867469879518,Latrobe (Tas.),974,5,928,4,982,5,905,3,1,1,0,0
64010,Launceston,Tasmania,71019,71533,71341,-192,-0.26840758810618875,322,0.4533997944212112,0,4084,4183,8267,11.5569038066347,8334,-67,-0.8039356851451884,4056,49.06253780089512,4017,39,0.9708737864077669,Launceston,939,3,926,3,929,2,941,5,1,1,0,0
64210,Meander Valley,Tasmania,20603,21558,21739,181,0.8395955097875499,1136,5.513760132019609,0,1130,1266,2396,11.114203543928008,2439,-43,-1.7630176301763019,1129,47.12020033388982,1158,-29,-2.5043177892918824,Meander Valley,976,5,940,4,983,6,924,4,1,1,0,0
64610,Northern Midlands,Tasmania,13661,14438,14544,106,0.7341737082698435,883,6.4636556621037995,0,812,783,1595,11.0472364593434,1561,34,2.1780909673286355,762,47.774294670846395,763,-1,-0.1310615989515072,Northern Midlands,966,5,929,4,975,5,912,3,1,1,0,0
64810,Sorell,Tasmania,16471,17864,18108,244,1.3658755038065382,1637,9.938680104425961,0,1024,1050,2074,11.609941782355575,1973,101,5.119107957425241,1038,50.048216007714565,955,83,8.691099476439792,Sorell,991,6,946,5,993,7,932,5,1,1,0,0
65010,Southern Midlands,Tasmania,6639,6953,6987,34,0.4889975550122249,348,5.241753276095797,0,387,374,761,10.944915863655975,794,-33,-4.156171284634761,355,46.64914586070959,379,-24,-6.33245382585752,Southern Midlands,951,4,911,3,1000,7,887,2,1,1,0,0
65210,Tasman,Tasmania,2560,2708,2738,30,1.1078286558345642,178,6.953125,0,82,98,180,6.646971935007386,220,-40,-18.181818181818183,87,48.333333333333336,105,-18,-17.142857142857142,Tasman,923,2,902,2,943,3,931,5,1,1,0,0
65410,Waratah-Wynyard,Tasmania,14341,14892,14916,24,0.16116035455278002,575,4.00948329963043,0,832,911,1743,11.704270749395649,1738,5,0.28768699654775604,797,45.725760183591504,822,-25,-3.0413625304136254,Waratah-Wynyard,929,2,900,2,947,3,896,2,1,1,0,0
65610,West Coast,Tasmania,4311,4314,4320,6,0.13908205841446453,9,0.20876826722338201,0,224,223,447,10.361613351877608,491,-44,-8.961303462321792,233,52.12527964205817,233,0,0.0,West Coast,861,1,844,1,887,2,832,1,1,1,0,0
65810,West Tamar,Tasmania,25123,26047,26136,89,0.34169002188351827,1013,4.032161764120527,0,1358,1598,2956,11.34871578300764,2992,-36,-1.2032085561497325,1330,44.99323410013532,1404,-74,-5.270655270655271,West Tamar,1004,7,970,7,999,7,970,7,1,1,0,0
70200,Alice Springs,Northern Territory,28029,30487,30875,388,1.2726735985830027,2846,10.15376931035713,0,1893,1895,3788,12.424968019155706,3799,-11,-0.2895498815477757,1777,46.91129883843717,1853,-76,-4.101457096600107,Alice Springs,994,7,1004,8,955,3,1014,9,1,1,0,0
70420,Barkly,Northern Territory,7228,7378,7448,70,0.9487666034155597,220,3.0437188710570005,0,613,603,1216,16.481431282190297,1200,16,1.3333333333333335,601,49.42434210526316,582,19,3.264604810996564,Barkly,670,1,790,1,698,1,887,2,1,1,0,0
70540,Belyuen,Northern Territory,167,167,167,0,0.0,0,0.0,0,17,12,29,17.365269461077844,23,6,26.08695652173913,13,44.827586206896555,12,1,8.333333333333332,Belyuen,471,1,662,1,475,1,801,1,1,1,0,0
70620,Central Desert,Northern Territory,4129,4155,4170,15,0.36101083032490977,41,0.9929765076289658,0,354,364,718,17.280385078219012,777,-59,-7.5933075933075935,355,49.44289693593314,388,-33,-8.505154639175258,Central Desert,524,1,697,1,589,1,865,1,1,1,0,0
70700,Coomalie,Northern Territory,1410,1418,1448,30,2.1156558533145273,38,2.6950354609929077,0,64,85,149,10.507757404795488,156,-7,-4.487179487179487,74,49.664429530201346,83,-9,-10.843373493975903,Coomalie,909,2,900,2,906,2,916,3,1,1,0,0
71000,Darwin,Northern Territory,85109,88753,90035,1282,1.444458215496941,4926,5.787872022935295,0,5078,5088,10166,11.454260701046726,10199,-33,-0.32356113344445536,4917,48.36710603974031,4916,1,0.02034174125305126,Darwin,1027,9,1036,9,979,5,1041,9,1,1,0,0
71150,Darwin Waterfront Precinct,Northern Territory,330,322,352,30,9.316770186335404,22,6.666666666666667,0,5,8,13,4.037267080745342,17,-4,-23.52941176470588,8,61.53846153846154,7,1,14.285714285714285,Darwin Waterfront Precinct,1117,10,1165,10,960,4,1174,10,1,1,0,0
71500,East Arnhem,Northern Territory,8154,8108,8130,22,0.2713369511593488,-24,-0.29433406916850624,0,,,,,,,,,,,,,,,,,,,,,,0,0,0,0
71700,Groote Archipelago,Northern Territory,1969,2050,2095,45,2.195121951219512,126,6.399187404773997,0,,,,,,,,,,,,,,,,,,,,,,0,0,0,0
72200,Katherine,Northern Territory,10716,11188,11282,94,0.8401859134787273,566,5.281821575214632,0,737,778,1515,13.541294243832677,1596,-81,-5.075187969924812,712,46.99669966996699,745,-33,-4.429530201342282,Katherine,961,4,965,7,925,2,976,8,1,1,0,0
72300,Litchfield,Northern Territory,23111,24305,24849,544,2.2382225879448674,1738,7.520228462636839,0,1378,1481,2859,11.76301172598231,2933,-74,-2.523013978861234,1423,49.772647778943686,1433,-10,-0.6978367062107467,Litchfield,1030,9,1014,9,1061,10,959,7,1,1,0,0
72330,MacDonnell,Northern Territory,6558,6841,6978,137,2.0026311942698434,420,6.404391582799635,0,533,512,1045,15.275544511036399,965,80,8.290155440414509,495,47.368421052631575,470,25,5.319148936170213,MacDonnell,566,1,727,1,590,1,861,1,1,1,0,0
72800,Palmerston,Northern Territory,38902,42611,43193,582,1.3658445002464152,4291,11.030281219474578,0,3350,3156,6506,15.268357935744293,6155,351,5.70268074735987,3173,48.770365816169694,3028,145,4.788639365918098,Palmerston,1009,8,998,8,991,6,972,7,1,1,0,0
73600,Roper Gulf,Northern Territory,7391,7534,7597,63,0.8362091850278737,206,2.7871735895007443,0,529,599,1128,14.972126360499072,1259,-131,-10.40508339952343,536,47.5177304964539,640,-104,-16.25,Roper Gulf,534,1,709,1,564,1,867,1,1,1,0,0
74050,Tiwi Islands,Northern Territory,2743,2756,2767,11,0.39912917271407833,24,0.8749544294567991,0,183,190,373,13.53410740203193,471,-98,-20.8067940552017,200,53.61930294906166,247,-47,-19.02834008097166,Tiwi Islands,564,1,729,1,540,1,860,1,1,1,0,0
74550,Victoria Daly,Northern Territory,3196,3323,3356,33,0.9930785434848028,160,5.006257822277847,0,294,263,557,16.76196208245561,533,24,4.50281425891182,247,44.34470377019748,260,-13,-5.0,Victoria Daly,590,1,729,1,618,1,833,1,1,1,0,0
74560,Wagait,Northern Territory,471,494,504,10,2.0242914979757085,33,7.006369426751593,0,13,21,34,6.882591093117409,44,-10,-22.727272727272727,18,52.94117647058824,20,-2,-10.0,Wagait,985,6,970,7,955,3,1006,9,1,1,0,0
74660,West Arnhem,Northern Territory,7130,7534,7608,74,0.9822139633660737,478,6.704067321178122,0,578,624,1202,15.954340323865146,1221,-19,-1.556101556101556,567,47.171381031613976,591,-24,-4.060913705583756,West Arnhem,530,1,728,1,534,1,881,1,1,1,0,0
74680,West Daly,Northern Territory,3422,3474,3495,21,0.6044905008635579,73,2.1332554061952074,0,289,374,663,19.0846286701209,758,-95,-12.532981530343006,303,45.70135746606335,341,-38,-11.143695014662756,West Daly,439,1,677,1,488,1,899,2,1,1,0,0
79399,Unincorporated NT,Northern Territory,7263,7986,8207,221,2.767342849987478,944,12.997384001101473,1,525,656,1181,14.788379664412723,1064,117,10.996240601503759,572,48.43353090601185,513,59,11.500974658869396,Unincorporated NT,1044,9,1014,9,967,4,984,8,1,1,0,0
89399,Unincorporated ACT,Australian Capital Territory,444903,478430,484630,6200,1.2959053571055326,39727,8.92936213062173,1,28073,28619,56692,11.849591371778526,53600,3092,5.76865671641791,27618,48.715868200098775,25937,1681,6.4810887920731,Unincorporated ACT,1071,10,1091,10,1037,9,1108,10,1,1,0,0
99399,Unincorp. Other Territories,Other Territories,2437,2506,2498,-8,-0.3192338387869114,61,2.5030775543701274,0,126,148,274,10.933758978451715,293,-19,-6.484641638225256,132,48.175182481751825,132,0,0.0,Unincorp. Other Territories,989,6,952,5,952,3,961,7,1,1,0,0
